index,name,rank,generation,evolves_from,type1,type2,hp,atk,def,spatk,spdef,speed,total
1,bulbasaur,ordinary,generation-i,nothing,grass,poison,45,49,49,65,65,45,318
2,ivysaur,ordinary,generation-i,bulbasaur,grass,poison,60,62,63,80,80,60,405
3,venusaur,ordinary,generation-i,ivysaur,grass,poison,80,82,83,100,100,80,525
4,charmander,ordinary,generation-i,nothing,fire,fire,39,52,43,60,50,65,309
5,charmeleon,ordinary,generation-i,charmander,fire,fire,58,64,58,80,65,80,405
6,charizard,ordinary,generation-i,charmeleon,fire,flying,78,84,78,109,85,100,534
7,squirtle,ordinary,generation-i,nothing,water,water,44,48,65,50,64,43,314
8,wartortle,ordinary,generation-i,squirtle,water,water,59,63,80,65,80,58,405
9,blastoise,ordinary,generation-i,wartortle,water,water,79,83,100,85,105,78,530
10,caterpie,ordinary,generation-i,nothing,bug,bug,45,30,35,20,20,45,195
11,metapod,ordinary,generation-i,caterpie,bug,bug,50,20,55,25,25,30,205
12,butterfree,ordinary,generation-i,metapod,bug,flying,60,45,50,90,80,70,395
13,weedle,ordinary,generation-i,nothing,bug,poison,40,35,30,20,20,50,195
14,kakuna,ordinary,generation-i,weedle,bug,poison,45,25,50,25,25,35,205
15,beedrill,ordinary,generation-i,kakuna,bug,poison,65,90,40,45,80,75,395
16,pidgey,ordinary,generation-i,nothing,normal,flying,40,45,40,35,35,56,251
17,pidgeotto,ordinary,generation-i,pidgey,normal,flying,63,60,55,50,50,71,349
18,pidgeot,ordinary,generation-i,pidgeotto,normal,flying,83,80,75,70,70,101,479
19,rattata,ordinary,generation-i,nothing,normal,normal,30,56,35,25,35,72,253
20,raticate,ordinary,generation-i,rattata,normal,normal,55,81,60,50,70,97,413
21,spearow,ordinary,generation-i,nothing,normal,flying,40,60,30,31,31,70,262
22,fearow,ordinary,generation-i,spearow,normal,flying,65,90,65,61,61,100,442
23,ekans,ordinary,generation-i,nothing,poison,poison,35,60,44,40,54,55,288
24,arbok,ordinary,generation-i,ekans,poison,poison,60,95,69,65,79,80,448
25,pikachu,ordinary,generation-i,pichu,electric,electric,35,55,40,50,50,90,320
26,raichu,ordinary,generation-i,pikachu,electric,electric,60,90,55,90,80,110,485
27,sandshrew,ordinary,generation-i,nothing,ground,ground,50,75,85,20,30,40,300
28,sandslash,ordinary,generation-i,sandshrew,ground,ground,75,100,110,45,55,65,450
29,nidoranf,ordinary,generation-i,nothing,poison,poison,55,47,52,40,40,41,275
30,nidorina,ordinary,generation-i,nidoran-f,poison,poison,70,62,67,55,55,56,365
31,nidoqueen,ordinary,generation-i,nidorina,poison,ground,90,92,87,75,85,76,505
32,nidoranm,ordinary,generation-i,nothing,poison,poison,46,57,40,40,40,50,273
33,nidorino,ordinary,generation-i,nidoran-m,poison,poison,61,72,57,55,55,65,365
34,nidoking,ordinary,generation-i,nidorino,poison,ground,81,102,77,85,75,85,505
35,clefairy,ordinary,generation-i,cleffa,fairy,fairy,70,45,48,60,65,35,323
36,clefable,ordinary,generation-i,clefairy,fairy,fairy,95,70,73,95,90,60,483
37,vulpix,ordinary,generation-i,nothing,fire,fire,38,41,40,50,65,65,299
38,ninetales,ordinary,generation-i,vulpix,fire,fire,73,76,75,81,100,100,505
39,jigglypuff,ordinary,generation-i,igglybuff,normal,fairy,115,45,20,45,25,20,270
40,wigglytuff,ordinary,generation-i,jigglypuff,normal,fairy,140,70,45,85,50,45,435
41,zubat,ordinary,generation-i,nothing,poison,flying,40,45,35,30,40,55,245
42,golbat,ordinary,generation-i,zubat,poison,flying,75,80,70,65,75,90,455
43,oddish,ordinary,generation-i,nothing,grass,poison,45,50,55,75,65,30,320
44,gloom,ordinary,generation-i,oddish,grass,poison,60,65,70,85,75,40,395
45,vileplume,ordinary,generation-i,gloom,grass,poison,75,80,85,110,90,50,490
46,paras,ordinary,generation-i,nothing,bug,grass,35,70,55,45,55,25,285
47,parasect,ordinary,generation-i,paras,bug,grass,60,95,80,60,80,30,405
48,venonat,ordinary,generation-i,nothing,bug,poison,60,55,50,40,55,45,305
49,venomoth,ordinary,generation-i,venonat,bug,poison,70,65,60,90,75,90,450
50,diglett,ordinary,generation-i,nothing,ground,ground,10,55,25,35,45,95,265
51,dugtrio,ordinary,generation-i,diglett,ground,ground,35,100,50,50,70,120,425
52,meowth,ordinary,generation-i,nothing,normal,normal,40,45,35,40,40,90,290
53,persian,ordinary,generation-i,meowth,normal,normal,65,70,60,65,65,115,440
54,psyduck,ordinary,generation-i,nothing,water,water,50,52,48,65,50,55,320
55,golduck,ordinary,generation-i,psyduck,water,water,80,82,78,95,80,85,500
56,mankey,ordinary,generation-i,nothing,fighting,fighting,40,80,35,35,45,70,305
57,primeape,ordinary,generation-i,mankey,fighting,fighting,65,105,60,60,70,95,455
58,growlithe,ordinary,generation-i,nothing,fire,fire,55,70,45,70,50,60,350
59,arcanine,ordinary,generation-i,growlithe,fire,fire,90,110,80,100,80,95,555
60,poliwag,ordinary,generation-i,nothing,water,water,40,50,40,40,40,90,300
61,poliwhirl,ordinary,generation-i,poliwag,water,water,65,65,65,50,50,90,385
62,poliwrath,ordinary,generation-i,poliwhirl,water,fighting,90,95,95,70,90,70,510
63,abra,ordinary,generation-i,nothing,psychic,psychic,25,20,15,105,55,90,310
64,kadabra,ordinary,generation-i,abra,psychic,psychic,40,35,30,120,70,105,400
65,alakazam,ordinary,generation-i,kadabra,psychic,psychic,55,50,45,135,95,120,500
66,machop,ordinary,generation-i,nothing,fighting,fighting,70,80,50,35,35,35,305
67,machoke,ordinary,generation-i,machop,fighting,fighting,80,100,70,50,60,45,405
68,machamp,ordinary,generation-i,machoke,fighting,fighting,90,130,80,65,85,55,505
69,bellsprout,ordinary,generation-i,nothing,grass,poison,50,75,35,70,30,40,300
70,weepinbell,ordinary,generation-i,bellsprout,grass,poison,65,90,50,85,45,55,390
71,victreebel,ordinary,generation-i,weepinbell,grass,poison,80,105,65,100,70,70,490
72,tentacool,ordinary,generation-i,nothing,water,poison,40,40,35,50,100,70,335
73,tentacruel,ordinary,generation-i,tentacool,water,poison,80,70,65,80,120,100,515
74,geodude,ordinary,generation-i,nothing,rock,ground,40,80,100,30,30,20,300
75,graveler,ordinary,generation-i,geodude,rock,ground,55,95,115,45,45,35,390
76,golem,ordinary,generation-i,graveler,rock,ground,80,120,130,55,65,45,495
77,ponyta,ordinary,generation-i,nothing,fire,fire,50,85,55,65,65,90,410
78,rapidash,ordinary,generation-i,ponyta,fire,fire,65,100,70,80,80,105,500
79,slowpoke,ordinary,generation-i,nothing,water,psychic,90,65,65,40,40,15,315
80,slowbro,ordinary,generation-i,slowpoke,water,psychic,95,75,110,100,80,30,490
81,magnemite,ordinary,generation-i,nothing,electric,steel,25,35,70,95,55,45,325
82,magneton,ordinary,generation-i,magnemite,electric,steel,50,60,95,120,70,70,465
83,farfetchd,ordinary,generation-i,nothing,normal,flying,52,90,55,58,62,60,377
84,doduo,ordinary,generation-i,nothing,normal,flying,35,85,45,35,35,75,310
85,dodrio,ordinary,generation-i,doduo,normal,flying,60,110,70,60,60,110,470
86,seel,ordinary,generation-i,nothing,water,water,65,45,55,45,70,45,325
87,dewgong,ordinary,generation-i,seel,water,ice,90,70,80,70,95,70,475
88,grimer,ordinary,generation-i,nothing,poison,poison,80,80,50,40,50,25,325
89,muk,ordinary,generation-i,grimer,poison,poison,105,105,75,65,100,50,500
90,shellder,ordinary,generation-i,nothing,water,water,30,65,100,45,25,40,305
91,cloyster,ordinary,generation-i,shellder,water,ice,50,95,180,85,45,70,525
92,gastly,ordinary,generation-i,nothing,ghost,poison,30,35,30,100,35,80,310
93,haunter,ordinary,generation-i,gastly,ghost,poison,45,50,45,115,55,95,405
94,gengar,ordinary,generation-i,haunter,ghost,poison,60,65,60,130,75,110,500
95,onix,ordinary,generation-i,nothing,rock,ground,35,45,160,30,45,70,385
96,drowzee,ordinary,generation-i,nothing,psychic,psychic,60,48,45,43,90,42,328
97,hypno,ordinary,generation-i,drowzee,psychic,psychic,85,73,70,73,115,67,483
98,krabby,ordinary,generation-i,nothing,water,water,30,105,90,25,25,50,325
99,kingler,ordinary,generation-i,krabby,water,water,55,130,115,50,50,75,475
100,voltorb,ordinary,generation-i,nothing,electric,electric,40,30,50,55,55,100,330
101,electrode,ordinary,generation-i,voltorb,electric,electric,60,50,70,80,80,150,490
102,exeggcute,ordinary,generation-i,nothing,grass,psychic,60,40,80,60,45,40,325
103,exeggutor,ordinary,generation-i,exeggcute,grass,psychic,95,95,85,125,75,55,530
104,cubone,ordinary,generation-i,nothing,ground,ground,50,50,95,40,50,35,320
105,marowak,ordinary,generation-i,cubone,ground,ground,60,80,110,50,80,45,425
106,hitmonlee,ordinary,generation-i,tyrogue,fighting,fighting,50,120,53,35,110,87,455
107,hitmonchan,ordinary,generation-i,tyrogue,fighting,fighting,50,105,79,35,110,76,455
108,lickitung,ordinary,generation-i,nothing,normal,normal,90,55,75,60,75,30,385
109,koffing,ordinary,generation-i,nothing,poison,poison,40,65,95,60,45,35,340
110,weezing,ordinary,generation-i,koffing,poison,poison,65,90,120,85,70,60,490
111,rhyhorn,ordinary,generation-i,nothing,ground,rock,80,85,95,30,30,25,345
112,rhydon,ordinary,generation-i,rhyhorn,ground,rock,105,130,120,45,45,40,485
113,chansey,ordinary,generation-i,happiny,normal,normal,250,5,5,35,105,50,450
114,tangela,ordinary,generation-i,nothing,grass,grass,65,55,115,100,40,60,435
115,kangaskhan,ordinary,generation-i,nothing,normal,normal,105,95,80,40,80,90,490
116,horsea,ordinary,generation-i,nothing,water,water,30,40,70,70,25,60,295
117,seadra,ordinary,generation-i,horsea,water,water,55,65,95,95,45,85,440
118,goldeen,ordinary,generation-i,nothing,water,water,45,67,60,35,50,63,320
119,seaking,ordinary,generation-i,goldeen,water,water,80,92,65,65,80,68,450
120,staryu,ordinary,generation-i,nothing,water,water,30,45,55,70,55,85,340
121,starmie,ordinary,generation-i,staryu,water,psychic,60,75,85,100,85,115,520
122,mr-mime,ordinary,generation-i,mime-jr,psychic,fairy,40,45,65,100,120,90,460
123,scyther,ordinary,generation-i,nothing,bug,flying,70,110,80,55,80,105,500
124,jynx,ordinary,generation-i,smoochum,ice,psychic,65,50,35,115,95,95,455
125,electabuzz,ordinary,generation-i,elekid,electric,electric,65,83,57,95,85,105,490
126,magmar,ordinary,generation-i,magby,fire,fire,65,95,57,100,85,93,495
127,pinsir,ordinary,generation-i,nothing,bug,bug,65,125,100,55,70,85,500
128,tauros,ordinary,generation-i,nothing,normal,normal,75,100,95,40,70,110,490
129,magikarp,ordinary,generation-i,nothing,water,water,20,10,55,15,20,80,200
130,gyarados,ordinary,generation-i,magikarp,water,flying,95,125,79,60,100,81,540
131,lapras,ordinary,generation-i,nothing,water,ice,130,85,80,85,95,60,535
132,ditto,ordinary,generation-i,nothing,normal,normal,48,48,48,48,48,48,288
133,eevee,ordinary,generation-i,nothing,normal,normal,55,55,50,45,65,55,325
134,vaporeon,ordinary,generation-i,eevee,water,water,130,65,60,110,95,65,525
135,jolteon,ordinary,generation-i,eevee,electric,electric,65,65,60,110,95,130,525
136,flareon,ordinary,generation-i,eevee,fire,fire,65,130,60,95,110,65,525
137,porygon,ordinary,generation-i,nothing,normal,normal,65,60,70,85,75,40,395
138,omanyte,ordinary,generation-i,nothing,rock,water,35,40,100,90,55,35,355
139,omastar,ordinary,generation-i,omanyte,rock,water,70,60,125,115,70,55,495
140,kabuto,ordinary,generation-i,nothing,rock,water,30,80,90,55,45,55,355
141,kabutops,ordinary,generation-i,kabuto,rock,water,60,115,105,65,70,80,495
142,aerodactyl,ordinary,generation-i,nothing,rock,flying,80,105,65,60,75,130,515
143,snorlax,ordinary,generation-i,munchlax,normal,normal,160,110,65,65,110,30,540
144,articuno,legendary,generation-i,nothing,ice,flying,90,85,100,95,125,85,580
145,zapdos,legendary,generation-i,nothing,electric,flying,90,90,85,125,90,100,580
146,moltres,legendary,generation-i,nothing,fire,flying,90,100,90,125,85,90,580
147,dratini,ordinary,generation-i,nothing,dragon,dragon,41,64,45,50,50,50,300
148,dragonair,ordinary,generation-i,dratini,dragon,dragon,61,84,65,70,70,70,420
149,dragonite,ordinary,generation-i,dragonair,dragon,flying,91,134,95,100,100,80,600
150,mewtwo,legendary,generation-i,nothing,psychic,psychic,106,110,90,154,90,130,680
151,mew,mythical,generation-i,nothing,psychic,psychic,100,100,100,100,100,100,600
152,chikorita,ordinary,generation-ii,nothing,grass,grass,45,49,65,49,65,45,318
153,bayleef,ordinary,generation-ii,chikorita,grass,grass,60,62,80,63,80,60,405
154,meganium,ordinary,generation-ii,bayleef,grass,grass,80,82,100,83,100,80,525
155,cyndaquil,ordinary,generation-ii,nothing,fire,fire,39,52,43,60,50,65,309
156,quilava,ordinary,generation-ii,cyndaquil,fire,fire,58,64,58,80,65,80,405
157,typhlosion,ordinary,generation-ii,quilava,fire,fire,78,84,78,109,85,100,534
158,totodile,ordinary,generation-ii,nothing,water,water,50,65,64,44,48,43,314
159,croconaw,ordinary,generation-ii,totodile,water,water,65,80,80,59,63,58,405
160,feraligatr,ordinary,generation-ii,croconaw,water,water,85,105,100,79,83,78,530
161,sentret,ordinary,generation-ii,nothing,normal,normal,35,46,34,35,45,20,215
162,furret,ordinary,generation-ii,sentret,normal,normal,85,76,64,45,55,90,415
163,hoothoot,ordinary,generation-ii,nothing,normal,flying,60,30,30,36,56,50,262
164,noctowl,ordinary,generation-ii,hoothoot,normal,flying,100,50,50,86,96,70,452
165,ledyba,ordinary,generation-ii,nothing,bug,flying,40,20,30,40,80,55,265
166,ledian,ordinary,generation-ii,ledyba,bug,flying,55,35,50,55,110,85,390
167,spinarak,ordinary,generation-ii,nothing,bug,poison,40,60,40,40,40,30,250
168,ariados,ordinary,generation-ii,spinarak,bug,poison,70,90,70,60,70,40,400
169,crobat,ordinary,generation-ii,golbat,poison,flying,85,90,80,70,80,130,535
170,chinchou,ordinary,generation-ii,nothing,water,electric,75,38,38,56,56,67,330
171,lanturn,ordinary,generation-ii,chinchou,water,electric,125,58,58,76,76,67,460
172,pichu,baby,generation-ii,nothing,electric,electric,20,40,15,35,35,60,205
173,cleffa,baby,generation-ii,nothing,fairy,fairy,50,25,28,45,55,15,218
174,igglybuff,baby,generation-ii,nothing,normal,fairy,90,30,15,40,20,15,210
175,togepi,baby,generation-ii,nothing,fairy,fairy,35,20,65,40,65,20,245
176,togetic,ordinary,generation-ii,togepi,fairy,flying,55,40,85,80,105,40,405
177,natu,ordinary,generation-ii,nothing,psychic,flying,40,50,45,70,45,70,320
178,xatu,ordinary,generation-ii,natu,psychic,flying,65,75,70,95,70,95,470
179,mareep,ordinary,generation-ii,nothing,electric,electric,55,40,40,65,45,35,280
180,flaaffy,ordinary,generation-ii,mareep,electric,electric,70,55,55,80,60,45,365
181,ampharos,ordinary,generation-ii,flaaffy,electric,electric,90,75,85,115,90,55,510
182,bellossom,ordinary,generation-ii,gloom,grass,grass,75,80,95,90,100,50,490
183,marill,ordinary,generation-ii,azurill,water,fairy,70,20,50,20,50,40,250
184,azumarill,ordinary,generation-ii,marill,water,fairy,100,50,80,60,80,50,420
185,sudowoodo,ordinary,generation-ii,bonsly,rock,rock,70,100,115,30,65,30,410
186,politoed,ordinary,generation-ii,poliwhirl,water,water,90,75,75,90,100,70,500
187,hoppip,ordinary,generation-ii,nothing,grass,flying,35,35,40,35,55,50,250
188,skiploom,ordinary,generation-ii,hoppip,grass,flying,55,45,50,45,65,80,340
189,jumpluff,ordinary,generation-ii,skiploom,grass,flying,75,55,70,55,95,110,460
190,aipom,ordinary,generation-ii,nothing,normal,normal,55,70,55,40,55,85,360
191,sunkern,ordinary,generation-ii,nothing,grass,grass,30,30,30,30,30,30,180
192,sunflora,ordinary,generation-ii,sunkern,grass,grass,75,75,55,105,85,30,425
193,yanma,ordinary,generation-ii,nothing,bug,flying,65,65,45,75,45,95,390
194,wooper,ordinary,generation-ii,nothing,water,ground,55,45,45,25,25,15,210
195,quagsire,ordinary,generation-ii,wooper,water,ground,95,85,85,65,65,35,430
196,espeon,ordinary,generation-ii,eevee,psychic,psychic,65,65,60,130,95,110,525
197,umbreon,ordinary,generation-ii,eevee,dark,dark,95,65,110,60,130,65,525
198,murkrow,ordinary,generation-ii,nothing,dark,flying,60,85,42,85,42,91,405
199,slowking,ordinary,generation-ii,slowpoke,water,psychic,95,75,80,100,110,30,490
200,misdreavus,ordinary,generation-ii,nothing,ghost,ghost,60,60,60,85,85,85,435
201,unown,ordinary,generation-ii,nothing,psychic,psychic,48,72,48,72,48,48,336
202,wobbuffet,ordinary,generation-ii,wynaut,psychic,psychic,190,33,58,33,58,33,405
203,girafarig,ordinary,generation-ii,nothing,normal,psychic,70,80,65,90,65,85,455
204,pineco,ordinary,generation-ii,nothing,bug,bug,50,65,90,35,35,15,290
205,forretress,ordinary,generation-ii,pineco,bug,steel,75,90,140,60,60,40,465
206,dunsparce,ordinary,generation-ii,nothing,normal,normal,100,70,70,65,65,45,415
207,gligar,ordinary,generation-ii,nothing,ground,flying,65,75,105,35,65,85,430
208,steelix,ordinary,generation-ii,onix,steel,ground,75,85,200,55,65,30,510
209,snubbull,ordinary,generation-ii,nothing,fairy,fairy,60,80,50,40,40,30,300
210,granbull,ordinary,generation-ii,snubbull,fairy,fairy,90,120,75,60,60,45,450
211,qwilfish,ordinary,generation-ii,nothing,water,poison,65,95,85,55,55,85,440
212,scizor,ordinary,generation-ii,scyther,bug,steel,70,130,100,55,80,65,500
213,shuckle,ordinary,generation-ii,nothing,bug,rock,20,10,230,10,230,5,505
214,heracross,ordinary,generation-ii,nothing,bug,fighting,80,125,75,40,95,85,500
215,sneasel,ordinary,generation-ii,nothing,dark,ice,55,95,55,35,75,115,430
216,teddiursa,ordinary,generation-ii,nothing,normal,normal,60,80,50,50,50,40,330
217,ursaring,ordinary,generation-ii,teddiursa,normal,normal,90,130,75,75,75,55,500
218,slugma,ordinary,generation-ii,nothing,fire,fire,40,40,40,70,40,20,250
219,magcargo,ordinary,generation-ii,slugma,fire,rock,60,50,120,90,80,30,430
220,swinub,ordinary,generation-ii,nothing,ice,ground,50,50,40,30,30,50,250
221,piloswine,ordinary,generation-ii,swinub,ice,ground,100,100,80,60,60,50,450
222,corsola,ordinary,generation-ii,nothing,water,rock,65,55,95,65,95,35,410
223,remoraid,ordinary,generation-ii,nothing,water,water,35,65,35,65,35,65,300
224,octillery,ordinary,generation-ii,remoraid,water,water,75,105,75,105,75,45,480
225,delibird,ordinary,generation-ii,nothing,ice,flying,45,55,45,65,45,75,330
226,mantine,ordinary,generation-ii,mantyke,water,flying,85,40,70,80,140,70,485
227,skarmory,ordinary,generation-ii,nothing,steel,flying,65,80,140,40,70,70,465
228,houndour,ordinary,generation-ii,nothing,dark,fire,45,60,30,80,50,65,330
229,houndoom,ordinary,generation-ii,houndour,dark,fire,75,90,50,110,80,95,500
230,kingdra,ordinary,generation-ii,seadra,water,dragon,75,95,95,95,95,85,540
231,phanpy,ordinary,generation-ii,nothing,ground,ground,90,60,60,40,40,40,330
232,donphan,ordinary,generation-ii,phanpy,ground,ground,90,120,120,60,60,50,500
233,porygon2,ordinary,generation-ii,porygon,normal,normal,85,80,90,105,95,60,515
234,stantler,ordinary,generation-ii,nothing,normal,normal,73,95,62,85,65,85,465
235,smeargle,ordinary,generation-ii,nothing,normal,normal,55,20,35,20,45,75,250
236,tyrogue,baby,generation-ii,nothing,fighting,fighting,35,35,35,35,35,35,210
237,hitmontop,ordinary,generation-ii,tyrogue,fighting,fighting,50,95,95,35,110,70,455
238,smoochum,baby,generation-ii,nothing,ice,psychic,45,30,15,85,65,65,305
239,elekid,baby,generation-ii,nothing,electric,electric,45,63,37,65,55,95,360
240,magby,baby,generation-ii,nothing,fire,fire,45,75,37,70,55,83,365
241,miltank,ordinary,generation-ii,nothing,normal,normal,95,80,105,40,70,100,490
242,blissey,ordinary,generation-ii,chansey,normal,normal,255,10,10,75,135,55,540
243,raikou,legendary,generation-ii,nothing,electric,electric,90,85,75,115,100,115,580
244,entei,legendary,generation-ii,nothing,fire,fire,115,115,85,90,75,100,580
245,suicune,legendary,generation-ii,nothing,water,water,100,75,115,90,115,85,580
246,larvitar,ordinary,generation-ii,nothing,rock,ground,50,64,50,45,50,41,300
247,pupitar,ordinary,generation-ii,larvitar,rock,ground,70,84,70,65,70,51,410
248,tyranitar,ordinary,generation-ii,pupitar,rock,dark,100,134,110,95,100,61,600
249,lugia,legendary,generation-ii,nothing,psychic,flying,106,90,130,90,154,110,680
250,ho-oh,legendary,generation-ii,nothing,fire,flying,106,130,90,110,154,90,680
251,celebi,mythical,generation-ii,nothing,psychic,grass,100,100,100,100,100,100,600
252,treecko,ordinary,generation-iii,nothing,grass,grass,40,45,35,65,55,70,310
253,grovyle,ordinary,generation-iii,treecko,grass,grass,50,65,45,85,65,95,405
254,sceptile,ordinary,generation-iii,grovyle,grass,grass,70,85,65,105,85,120,530
255,torchic,ordinary,generation-iii,nothing,fire,fire,45,60,40,70,50,45,310
256,combusken,ordinary,generation-iii,torchic,fire,fighting,60,85,60,85,60,55,405
257,blaziken,ordinary,generation-iii,combusken,fire,fighting,80,120,70,110,70,80,530
258,mudkip,ordinary,generation-iii,nothing,water,water,50,70,50,50,50,40,310
259,marshtomp,ordinary,generation-iii,mudkip,water,ground,70,85,70,60,70,50,405
260,swampert,ordinary,generation-iii,marshtomp,water,ground,100,110,90,85,90,60,535
261,poochyena,ordinary,generation-iii,nothing,dark,dark,35,55,35,30,30,35,220
262,mightyena,ordinary,generation-iii,poochyena,dark,dark,70,90,70,60,60,70,420
263,zigzagoon,ordinary,generation-iii,nothing,normal,normal,38,30,41,30,41,60,240
264,linoone,ordinary,generation-iii,zigzagoon,normal,normal,78,70,61,50,61,100,420
265,wurmple,ordinary,generation-iii,nothing,bug,bug,45,45,35,20,30,20,195
266,silcoon,ordinary,generation-iii,wurmple,bug,bug,50,35,55,25,25,15,205
267,beautifly,ordinary,generation-iii,silcoon,bug,flying,60,70,50,100,50,65,395
268,cascoon,ordinary,generation-iii,wurmple,bug,bug,50,35,55,25,25,15,205
269,dustox,ordinary,generation-iii,cascoon,bug,poison,60,50,70,50,90,65,385
270,lotad,ordinary,generation-iii,nothing,water,grass,40,30,30,40,50,30,220
271,lombre,ordinary,generation-iii,lotad,water,grass,60,50,50,60,70,50,340
272,ludicolo,ordinary,generation-iii,lombre,water,grass,80,70,70,90,100,70,480
273,seedot,ordinary,generation-iii,nothing,grass,grass,40,40,50,30,30,30,220
274,nuzleaf,ordinary,generation-iii,seedot,grass,dark,70,70,40,60,40,60,340
275,shiftry,ordinary,generation-iii,nuzleaf,grass,dark,90,100,60,90,60,80,480
276,taillow,ordinary,generation-iii,nothing,normal,flying,40,55,30,30,30,85,270
277,swellow,ordinary,generation-iii,taillow,normal,flying,60,85,60,75,50,125,455
278,wingull,ordinary,generation-iii,nothing,water,flying,40,30,30,55,30,85,270
279,pelipper,ordinary,generation-iii,wingull,water,flying,60,50,100,95,70,65,440
280,ralts,ordinary,generation-iii,nothing,psychic,fairy,28,25,25,45,35,40,198
281,kirlia,ordinary,generation-iii,ralts,psychic,fairy,38,35,35,65,55,50,278
282,gardevoir,ordinary,generation-iii,kirlia,psychic,fairy,68,65,65,125,115,80,518
283,surskit,ordinary,generation-iii,nothing,bug,water,40,30,32,50,52,65,269
284,masquerain,ordinary,generation-iii,surskit,bug,flying,70,60,62,100,82,80,454
285,shroomish,ordinary,generation-iii,nothing,grass,grass,60,40,60,40,60,35,295
286,breloom,ordinary,generation-iii,shroomish,grass,fighting,60,130,80,60,60,70,460
287,slakoth,ordinary,generation-iii,nothing,normal,normal,60,60,60,35,35,30,280
288,vigoroth,ordinary,generation-iii,slakoth,normal,normal,80,80,80,55,55,90,440
289,slaking,ordinary,generation-iii,vigoroth,normal,normal,150,160,100,95,65,100,670
290,nincada,ordinary,generation-iii,nothing,bug,ground,31,45,90,30,30,40,266
291,ninjask,ordinary,generation-iii,nincada,bug,flying,61,90,45,50,50,160,456
292,shedinja,ordinary,generation-iii,nincada,bug,ghost,1,90,45,30,30,40,236
293,whismur,ordinary,generation-iii,nothing,normal,normal,64,51,23,51,23,28,240
294,loudred,ordinary,generation-iii,whismur,normal,normal,84,71,43,71,43,48,360
295,exploud,ordinary,generation-iii,loudred,normal,normal,104,91,63,91,73,68,490
296,makuhita,ordinary,generation-iii,nothing,fighting,fighting,72,60,30,20,30,25,237
297,hariyama,ordinary,generation-iii,makuhita,fighting,fighting,144,120,60,40,60,50,474
298,azurill,baby,generation-iii,nothing,normal,fairy,50,20,40,20,40,20,190
299,nosepass,ordinary,generation-iii,nothing,rock,rock,30,45,135,45,90,30,375
300,skitty,ordinary,generation-iii,nothing,normal,normal,50,45,45,35,35,50,260
301,delcatty,ordinary,generation-iii,skitty,normal,normal,70,65,65,55,55,90,400
302,sableye,ordinary,generation-iii,nothing,dark,ghost,50,75,75,65,65,50,380
303,mawile,ordinary,generation-iii,nothing,steel,fairy,50,85,85,55,55,50,380
304,aron,ordinary,generation-iii,nothing,steel,rock,50,70,100,40,40,30,330
305,lairon,ordinary,generation-iii,aron,steel,rock,60,90,140,50,50,40,430
306,aggron,ordinary,generation-iii,lairon,steel,rock,70,110,180,60,60,50,530
307,meditite,ordinary,generation-iii,nothing,fighting,psychic,30,40,55,40,55,60,280
308,medicham,ordinary,generation-iii,meditite,fighting,psychic,60,60,75,60,75,80,410
309,electrike,ordinary,generation-iii,nothing,electric,electric,40,45,40,65,40,65,295
310,manectric,ordinary,generation-iii,electrike,electric,electric,70,75,60,105,60,105,475
311,plusle,ordinary,generation-iii,nothing,electric,electric,60,50,40,85,75,95,405
312,minun,ordinary,generation-iii,nothing,electric,electric,60,40,50,75,85,95,405
313,volbeat,ordinary,generation-iii,nothing,bug,bug,65,73,75,47,85,85,430
314,illumise,ordinary,generation-iii,nothing,bug,bug,65,47,75,73,85,85,430
315,roselia,ordinary,generation-iii,budew,grass,poison,50,60,45,100,80,65,400
316,gulpin,ordinary,generation-iii,nothing,poison,poison,70,43,53,43,53,40,302
317,swalot,ordinary,generation-iii,gulpin,poison,poison,100,73,83,73,83,55,467
318,carvanha,ordinary,generation-iii,nothing,water,dark,45,90,20,65,20,65,305
319,sharpedo,ordinary,generation-iii,carvanha,water,dark,70,120,40,95,40,95,460
320,wailmer,ordinary,generation-iii,nothing,water,water,130,70,35,70,35,60,400
321,wailord,ordinary,generation-iii,wailmer,water,water,170,90,45,90,45,60,500
322,numel,ordinary,generation-iii,nothing,fire,ground,60,60,40,65,45,35,305
323,camerupt,ordinary,generation-iii,numel,fire,ground,70,100,70,105,75,40,460
324,torkoal,ordinary,generation-iii,nothing,fire,fire,70,85,140,85,70,20,470
325,spoink,ordinary,generation-iii,nothing,psychic,psychic,60,25,35,70,80,60,330
326,grumpig,ordinary,generation-iii,spoink,psychic,psychic,80,45,65,90,110,80,470
327,spinda,ordinary,generation-iii,nothing,normal,normal,60,60,60,60,60,60,360
328,trapinch,ordinary,generation-iii,nothing,ground,ground,45,100,45,45,45,10,290
329,vibrava,ordinary,generation-iii,trapinch,ground,dragon,50,70,50,50,50,70,340
330,flygon,ordinary,generation-iii,vibrava,ground,dragon,80,100,80,80,80,100,520
331,cacnea,ordinary,generation-iii,nothing,grass,grass,50,85,40,85,40,35,335
332,cacturne,ordinary,generation-iii,cacnea,grass,dark,70,115,60,115,60,55,475
333,swablu,ordinary,generation-iii,nothing,normal,flying,45,40,60,40,75,50,310
334,altaria,ordinary,generation-iii,swablu,dragon,flying,75,70,90,70,105,80,490
335,zangoose,ordinary,generation-iii,nothing,normal,normal,73,115,60,60,60,90,458
336,seviper,ordinary,generation-iii,nothing,poison,poison,73,100,60,100,60,65,458
337,lunatone,ordinary,generation-iii,nothing,rock,psychic,90,55,65,95,85,70,460
338,solrock,ordinary,generation-iii,nothing,rock,psychic,90,95,85,55,65,70,460
339,barboach,ordinary,generation-iii,nothing,water,ground,50,48,43,46,41,60,288
340,whiscash,ordinary,generation-iii,barboach,water,ground,110,78,73,76,71,60,468
341,corphish,ordinary,generation-iii,nothing,water,water,43,80,65,50,35,35,308
342,crawdaunt,ordinary,generation-iii,corphish,water,dark,63,120,85,90,55,55,468
343,baltoy,ordinary,generation-iii,nothing,ground,psychic,40,40,55,40,70,55,300
344,claydol,ordinary,generation-iii,baltoy,ground,psychic,60,70,105,70,120,75,500
345,lileep,ordinary,generation-iii,nothing,rock,grass,66,41,77,61,87,23,355
346,cradily,ordinary,generation-iii,lileep,rock,grass,86,81,97,81,107,43,495
347,anorith,ordinary,generation-iii,nothing,rock,bug,45,95,50,40,50,75,355
348,armaldo,ordinary,generation-iii,anorith,rock,bug,75,125,100,70,80,45,495
349,feebas,ordinary,generation-iii,nothing,water,water,20,15,20,10,55,80,200
350,milotic,ordinary,generation-iii,feebas,water,water,95,60,79,100,125,81,540
351,castform,ordinary,generation-iii,nothing,normal,normal,70,70,70,70,70,70,420
352,kecleon,ordinary,generation-iii,nothing,normal,normal,60,90,70,60,120,40,440
353,shuppet,ordinary,generation-iii,nothing,ghost,ghost,44,75,35,63,33,45,295
354,banette,ordinary,generation-iii,shuppet,ghost,ghost,64,115,65,83,63,65,455
355,duskull,ordinary,generation-iii,nothing,ghost,ghost,20,40,90,30,90,25,295
356,dusclops,ordinary,generation-iii,duskull,ghost,ghost,40,70,130,60,130,25,455
357,tropius,ordinary,generation-iii,nothing,grass,flying,99,68,83,72,87,51,460
358,chimecho,ordinary,generation-iii,chingling,psychic,psychic,75,50,80,95,90,65,455
359,absol,ordinary,generation-iii,nothing,dark,dark,65,130,60,75,60,75,465
360,wynaut,baby,generation-iii,nothing,psychic,psychic,95,23,48,23,48,23,260
361,snorunt,ordinary,generation-iii,nothing,ice,ice,50,50,50,50,50,50,300
362,glalie,ordinary,generation-iii,snorunt,ice,ice,80,80,80,80,80,80,480
363,spheal,ordinary,generation-iii,nothing,ice,water,70,40,50,55,50,25,290
364,sealeo,ordinary,generation-iii,spheal,ice,water,90,60,70,75,70,45,410
365,walrein,ordinary,generation-iii,sealeo,ice,water,110,80,90,95,90,65,530
366,clamperl,ordinary,generation-iii,nothing,water,water,35,64,85,74,55,32,345
367,huntail,ordinary,generation-iii,clamperl,water,water,55,104,105,94,75,52,485
368,gorebyss,ordinary,generation-iii,clamperl,water,water,55,84,105,114,75,52,485
369,relicanth,ordinary,generation-iii,nothing,water,rock,100,90,130,45,65,55,485
370,luvdisc,ordinary,generation-iii,nothing,water,water,43,30,55,40,65,97,330
371,bagon,ordinary,generation-iii,nothing,dragon,dragon,45,75,60,40,30,50,300
372,shelgon,ordinary,generation-iii,bagon,dragon,dragon,65,95,100,60,50,50,420
373,salamence,ordinary,generation-iii,shelgon,dragon,flying,95,135,80,110,80,100,600
374,beldum,ordinary,generation-iii,nothing,steel,psychic,40,55,80,35,60,30,300
375,metang,ordinary,generation-iii,beldum,steel,psychic,60,75,100,55,80,50,420
376,metagross,ordinary,generation-iii,metang,steel,psychic,80,135,130,95,90,70,600
377,regirock,legendary,generation-iii,nothing,rock,rock,80,100,200,50,100,50,580
378,regice,legendary,generation-iii,nothing,ice,ice,80,50,100,100,200,50,580
379,registeel,legendary,generation-iii,nothing,steel,steel,80,75,150,75,150,50,580
380,latias,legendary,generation-iii,nothing,dragon,psychic,80,80,90,110,130,110,600
381,latios,legendary,generation-iii,nothing,dragon,psychic,80,90,80,130,110,110,600
382,kyogre,legendary,generation-iii,nothing,water,water,100,100,90,150,140,90,670
383,groudon,legendary,generation-iii,nothing,ground,ground,100,150,140,100,90,90,670
384,rayquaza,legendary,generation-iii,nothing,dragon,flying,105,150,90,150,90,95,680
385,jirachi,mythical,generation-iii,nothing,steel,psychic,100,100,100,100,100,100,600
386,deoxys,mythical,generation-iii,nothing,psychic,psychic,50,150,50,150,50,150,600
387,turtwig,ordinary,generation-iv,nothing,grass,grass,55,68,64,45,55,31,318
388,grotle,ordinary,generation-iv,turtwig,grass,grass,75,89,85,55,65,36,405
389,torterra,ordinary,generation-iv,grotle,grass,ground,95,109,105,75,85,56,525
390,chimchar,ordinary,generation-iv,nothing,fire,fire,44,58,44,58,44,61,309
391,monferno,ordinary,generation-iv,chimchar,fire,fighting,64,78,52,78,52,81,405
392,infernape,ordinary,generation-iv,monferno,fire,fighting,76,104,71,104,71,108,534
393,piplup,ordinary,generation-iv,nothing,water,water,53,51,53,61,56,40,314
394,prinplup,ordinary,generation-iv,piplup,water,water,64,66,68,81,76,50,405
395,empoleon,ordinary,generation-iv,prinplup,water,steel,84,86,88,111,101,60,530
396,starly,ordinary,generation-iv,nothing,normal,flying,40,55,30,30,30,60,245
397,staravia,ordinary,generation-iv,starly,normal,flying,55,75,50,40,40,80,340
398,staraptor,ordinary,generation-iv,staravia,normal,flying,85,120,70,50,60,100,485
399,bidoof,ordinary,generation-iv,nothing,normal,normal,59,45,40,35,40,31,250
400,bibarel,ordinary,generation-iv,bidoof,normal,water,79,85,60,55,60,71,410
401,kricketot,ordinary,generation-iv,nothing,bug,bug,37,25,41,25,41,25,194
402,kricketune,ordinary,generation-iv,kricketot,bug,bug,77,85,51,55,51,65,384
403,shinx,ordinary,generation-iv,nothing,electric,electric,45,65,34,40,34,45,263
404,luxio,ordinary,generation-iv,shinx,electric,electric,60,85,49,60,49,60,363
405,luxray,ordinary,generation-iv,luxio,electric,electric,80,120,79,95,79,70,523
406,budew,baby,generation-iv,nothing,grass,poison,40,30,35,50,70,55,280
407,roserade,ordinary,generation-iv,roselia,grass,poison,60,70,65,125,105,90,515
408,cranidos,ordinary,generation-iv,nothing,rock,rock,67,125,40,30,30,58,350
409,rampardos,ordinary,generation-iv,cranidos,rock,rock,97,165,60,65,50,58,495
410,shieldon,ordinary,generation-iv,nothing,rock,steel,30,42,118,42,88,30,350
411,bastiodon,ordinary,generation-iv,shieldon,rock,steel,60,52,168,47,138,30,495
412,burmy,ordinary,generation-iv,nothing,bug,bug,40,29,45,29,45,36,224
413,wormadam,ordinary,generation-iv,burmy,bug,grass,60,59,85,79,105,36,424
414,mothim,ordinary,generation-iv,burmy,bug,flying,70,94,50,94,50,66,424
415,combee,ordinary,generation-iv,nothing,bug,flying,30,30,42,30,42,70,244
416,vespiquen,ordinary,generation-iv,combee,bug,flying,70,80,102,80,102,40,474
417,pachirisu,ordinary,generation-iv,nothing,electric,electric,60,45,70,45,90,95,405
418,buizel,ordinary,generation-iv,nothing,water,water,55,65,35,60,30,85,330
419,floatzel,ordinary,generation-iv,buizel,water,water,85,105,55,85,50,115,495
420,cherubi,ordinary,generation-iv,nothing,grass,grass,45,35,45,62,53,35,275
421,cherrim,ordinary,generation-iv,cherubi,grass,grass,70,60,70,87,78,85,450
422,shellos,ordinary,generation-iv,nothing,water,water,76,48,48,57,62,34,325
423,gastrodon,ordinary,generation-iv,shellos,water,ground,111,83,68,92,82,39,475
424,ambipom,ordinary,generation-iv,aipom,normal,normal,75,100,66,60,66,115,482
425,drifloon,ordinary,generation-iv,nothing,ghost,flying,90,50,34,60,44,70,348
426,drifblim,ordinary,generation-iv,drifloon,ghost,flying,150,80,44,90,54,80,498
427,buneary,ordinary,generation-iv,nothing,normal,normal,55,66,44,44,56,85,350
428,lopunny,ordinary,generation-iv,buneary,normal,normal,65,76,84,54,96,105,480
429,mismagius,ordinary,generation-iv,misdreavus,ghost,ghost,60,60,60,105,105,105,495
430,honchkrow,ordinary,generation-iv,murkrow,dark,flying,100,125,52,105,52,71,505
431,glameow,ordinary,generation-iv,nothing,normal,normal,49,55,42,42,37,85,310
432,purugly,ordinary,generation-iv,glameow,normal,normal,71,82,64,64,59,112,452
433,chingling,baby,generation-iv,nothing,psychic,psychic,45,30,50,65,50,45,285
434,stunky,ordinary,generation-iv,nothing,poison,dark,63,63,47,41,41,74,329
435,skuntank,ordinary,generation-iv,stunky,poison,dark,103,93,67,71,61,84,479
436,bronzor,ordinary,generation-iv,nothing,steel,psychic,57,24,86,24,86,23,300
437,bronzong,ordinary,generation-iv,bronzor,steel,psychic,67,89,116,79,116,33,500
438,bonsly,baby,generation-iv,nothing,rock,rock,50,80,95,10,45,10,290
439,mime-jr,baby,generation-iv,nothing,psychic,fairy,20,25,45,70,90,60,310
440,happiny,baby,generation-iv,nothing,normal,normal,100,5,5,15,65,30,220
441,chatot,ordinary,generation-iv,nothing,normal,flying,76,65,45,92,42,91,411
442,spiritomb,ordinary,generation-iv,nothing,ghost,dark,50,92,108,92,108,35,485
443,gible,ordinary,generation-iv,nothing,dragon,ground,58,70,45,40,45,42,300
444,gabite,ordinary,generation-iv,gible,dragon,ground,68,90,65,50,55,82,410
445,garchomp,ordinary,generation-iv,gabite,dragon,ground,108,130,95,80,85,102,600
446,munchlax,baby,generation-iv,nothing,normal,normal,135,85,40,40,85,5,390
447,riolu,baby,generation-iv,nothing,fighting,fighting,40,70,40,35,40,60,285
448,lucario,ordinary,generation-iv,riolu,fighting,steel,70,110,70,115,70,90,525
449,hippopotas,ordinary,generation-iv,nothing,ground,ground,68,72,78,38,42,32,330
450,hippowdon,ordinary,generation-iv,hippopotas,ground,ground,108,112,118,68,72,47,525
451,skorupi,ordinary,generation-iv,nothing,poison,bug,40,50,90,30,55,65,330
452,drapion,ordinary,generation-iv,skorupi,poison,dark,70,90,110,60,75,95,500
453,croagunk,ordinary,generation-iv,nothing,poison,fighting,48,61,40,61,40,50,300
454,toxicroak,ordinary,generation-iv,croagunk,poison,fighting,83,106,65,86,65,85,490
455,carnivine,ordinary,generation-iv,nothing,grass,grass,74,100,72,90,72,46,454
456,finneon,ordinary,generation-iv,nothing,water,water,49,49,56,49,61,66,330
457,lumineon,ordinary,generation-iv,finneon,water,water,69,69,76,69,86,91,460
458,mantyke,baby,generation-iv,nothing,water,flying,45,20,50,60,120,50,345
459,snover,ordinary,generation-iv,nothing,grass,ice,60,62,50,62,60,40,334
460,abomasnow,ordinary,generation-iv,snover,grass,ice,90,92,75,92,85,60,494
461,weavile,ordinary,generation-iv,sneasel,dark,ice,70,120,65,45,85,125,510
462,magnezone,ordinary,generation-iv,magneton,electric,steel,70,70,115,130,90,60,535
463,lickilicky,ordinary,generation-iv,lickitung,normal,normal,110,85,95,80,95,50,515
464,rhyperior,ordinary,generation-iv,rhydon,ground,rock,115,140,130,55,55,40,535
465,tangrowth,ordinary,generation-iv,tangela,grass,grass,100,100,125,110,50,50,535
466,electivire,ordinary,generation-iv,electabuzz,electric,electric,75,123,67,95,85,95,540
467,magmortar,ordinary,generation-iv,magmar,fire,fire,75,95,67,125,95,83,540
468,togekiss,ordinary,generation-iv,togetic,fairy,flying,85,50,95,120,115,80,545
469,yanmega,ordinary,generation-iv,yanma,bug,flying,86,76,86,116,56,95,515
470,leafeon,ordinary,generation-iv,eevee,grass,grass,65,110,130,60,65,95,525
471,glaceon,ordinary,generation-iv,eevee,ice,ice,65,60,110,130,95,65,525
472,gliscor,ordinary,generation-iv,gligar,ground,flying,75,95,125,45,75,95,510
473,mamoswine,ordinary,generation-iv,piloswine,ice,ground,110,130,80,70,60,80,530
474,porygon-z,ordinary,generation-iv,porygon2,normal,normal,85,80,70,135,75,90,535
475,gallade,ordinary,generation-iv,kirlia,psychic,fighting,68,125,65,65,115,80,518
476,probopass,ordinary,generation-iv,nosepass,rock,steel,60,55,145,75,150,40,525
477,dusknoir,ordinary,generation-iv,dusclops,ghost,ghost,45,100,135,65,135,45,525
478,froslass,ordinary,generation-iv,snorunt,ice,ghost,70,80,70,80,70,110,480
479,rotom,ordinary,generation-iv,nothing,electric,ghost,50,50,77,95,77,91,440
480,uxie,legendary,generation-iv,nothing,psychic,psychic,75,75,130,75,130,95,580
481,mesprit,legendary,generation-iv,nothing,psychic,psychic,80,105,105,105,105,80,580
482,azelf,legendary,generation-iv,nothing,psychic,psychic,75,125,70,125,70,115,580
483,dialga,legendary,generation-iv,nothing,steel,dragon,100,120,120,150,100,90,680
484,palkia,legendary,generation-iv,nothing,water,dragon,90,120,100,150,120,100,680
485,heatran,legendary,generation-iv,nothing,fire,steel,91,90,106,130,106,77,600
486,regigigas,legendary,generation-iv,nothing,normal,normal,110,160,110,80,110,100,670
487,giratina,legendary,generation-iv,nothing,ghost,dragon,150,100,120,100,120,90,680
488,cresselia,legendary,generation-iv,nothing,psychic,psychic,120,70,110,75,120,85,580
489,phione,mythical,generation-iv,nothing,water,water,80,80,80,80,80,80,480
490,manaphy,mythical,generation-iv,nothing,water,water,100,100,100,100,100,100,600
491,darkrai,mythical,generation-iv,nothing,dark,dark,70,90,90,135,90,125,600
492,shaymin,mythical,generation-iv,nothing,grass,grass,100,100,100,100,100,100,600
493,arceus,mythical,generation-iv,nothing,normal,normal,120,120,120,120,120,120,720
494,victini,mythical,generation-v,nothing,psychic,fire,100,100,100,100,100,100,600
495,snivy,ordinary,generation-v,nothing,grass,grass,45,45,55,45,55,63,308
496,servine,ordinary,generation-v,snivy,grass,grass,60,60,75,60,75,83,413
497,serperior,ordinary,generation-v,servine,grass,grass,75,75,95,75,95,113,528
498,tepig,ordinary,generation-v,nothing,fire,fire,65,63,45,45,45,45,308
499,pignite,ordinary,generation-v,tepig,fire,fighting,90,93,55,70,55,55,418
500,emboar,ordinary,generation-v,pignite,fire,fighting,110,123,65,100,65,65,528
501,oshawott,ordinary,generation-v,nothing,water,water,55,55,45,63,45,45,308
502,dewott,ordinary,generation-v,oshawott,water,water,75,75,60,83,60,60,413
503,samurott,ordinary,generation-v,dewott,water,water,95,100,85,108,70,70,528
504,patrat,ordinary,generation-v,nothing,normal,normal,45,55,39,35,39,42,255
505,watchog,ordinary,generation-v,patrat,normal,normal,60,85,69,60,69,77,420
506,lillipup,ordinary,generation-v,nothing,normal,normal,45,60,45,25,45,55,275
507,herdier,ordinary,generation-v,lillipup,normal,normal,65,80,65,35,65,60,370
508,stoutland,ordinary,generation-v,herdier,normal,normal,85,110,90,45,90,80,500
509,purrloin,ordinary,generation-v,nothing,dark,dark,41,50,37,50,37,66,281
510,liepard,ordinary,generation-v,purrloin,dark,dark,64,88,50,88,50,106,446
511,pansage,ordinary,generation-v,nothing,grass,grass,50,53,48,53,48,64,316
512,simisage,ordinary,generation-v,pansage,grass,grass,75,98,63,98,63,101,498
513,pansear,ordinary,generation-v,nothing,fire,fire,50,53,48,53,48,64,316
514,simisear,ordinary,generation-v,pansear,fire,fire,75,98,63,98,63,101,498
515,panpour,ordinary,generation-v,nothing,water,water,50,53,48,53,48,64,316
516,simipour,ordinary,generation-v,panpour,water,water,75,98,63,98,63,101,498
517,munna,ordinary,generation-v,nothing,psychic,psychic,76,25,45,67,55,24,292
518,musharna,ordinary,generation-v,munna,psychic,psychic,116,55,85,107,95,29,487
519,pidove,ordinary,generation-v,nothing,normal,flying,50,55,50,36,30,43,264
520,tranquill,ordinary,generation-v,pidove,normal,flying,62,77,62,50,42,65,358
521,unfezant,ordinary,generation-v,tranquill,normal,flying,80,115,80,65,55,93,488
522,blitzle,ordinary,generation-v,nothing,electric,electric,45,60,32,50,32,76,295
523,zebstrika,ordinary,generation-v,blitzle,electric,electric,75,100,63,80,63,116,497
524,roggenrola,ordinary,generation-v,nothing,rock,rock,55,75,85,25,25,15,280
525,boldore,ordinary,generation-v,roggenrola,rock,rock,70,105,105,50,40,20,390
526,gigalith,ordinary,generation-v,boldore,rock,rock,85,135,130,60,80,25,515
527,woobat,ordinary,generation-v,nothing,psychic,flying,65,45,43,55,43,72,323
528,swoobat,ordinary,generation-v,woobat,psychic,flying,67,57,55,77,55,114,425
529,drilbur,ordinary,generation-v,nothing,ground,ground,60,85,40,30,45,68,328
530,excadrill,ordinary,generation-v,drilbur,ground,steel,110,135,60,50,65,88,508
531,audino,ordinary,generation-v,nothing,normal,normal,103,60,86,60,86,50,445
532,timburr,ordinary,generation-v,nothing,fighting,fighting,75,80,55,25,35,35,305
533,gurdurr,ordinary,generation-v,timburr,fighting,fighting,85,105,85,40,50,40,405
534,conkeldurr,ordinary,generation-v,gurdurr,fighting,fighting,105,140,95,55,65,45,505
535,tympole,ordinary,generation-v,nothing,water,water,50,50,40,50,40,64,294
536,palpitoad,ordinary,generation-v,tympole,water,ground,75,65,55,65,55,69,384
537,seismitoad,ordinary,generation-v,palpitoad,water,ground,105,95,75,85,75,74,509
538,throh,ordinary,generation-v,nothing,fighting,fighting,120,100,85,30,85,45,465
539,sawk,ordinary,generation-v,nothing,fighting,fighting,75,125,75,30,75,85,465
540,sewaddle,ordinary,generation-v,nothing,bug,grass,45,53,70,40,60,42,310
541,swadloon,ordinary,generation-v,sewaddle,bug,grass,55,63,90,50,80,42,380
542,leavanny,ordinary,generation-v,swadloon,bug,grass,75,103,80,70,80,92,500
543,venipede,ordinary,generation-v,nothing,bug,poison,30,45,59,30,39,57,260
544,whirlipede,ordinary,generation-v,venipede,bug,poison,40,55,99,40,79,47,360
545,scolipede,ordinary,generation-v,whirlipede,bug,poison,60,100,89,55,69,112,485
546,cottonee,ordinary,generation-v,nothing,grass,fairy,40,27,60,37,50,66,280
547,whimsicott,ordinary,generation-v,cottonee,grass,fairy,60,67,85,77,75,116,480
548,petilil,ordinary,generation-v,nothing,grass,grass,45,35,50,70,50,30,280
549,lilligant,ordinary,generation-v,petilil,grass,grass,70,60,75,110,75,90,480
550,basculin,ordinary,generation-v,nothing,water,water,70,92,65,80,55,98,460
551,sandile,ordinary,generation-v,nothing,ground,dark,50,72,35,35,35,65,292
552,krokorok,ordinary,generation-v,sandile,ground,dark,60,82,45,45,45,74,351
553,krookodile,ordinary,generation-v,krokorok,ground,dark,95,117,80,65,70,92,519
554,darumaka,ordinary,generation-v,nothing,fire,fire,70,90,45,15,45,50,315
555,darmanitan,ordinary,generation-v,darumaka,fire,fire,105,140,55,30,55,95,480
556,maractus,ordinary,generation-v,nothing,grass,grass,75,86,67,106,67,60,461
557,dwebble,ordinary,generation-v,nothing,bug,rock,50,65,85,35,35,55,325
558,crustle,ordinary,generation-v,dwebble,bug,rock,70,105,125,65,75,45,485
559,scraggy,ordinary,generation-v,nothing,dark,fighting,50,75,70,35,70,48,348
560,scrafty,ordinary,generation-v,scraggy,dark,fighting,65,90,115,45,115,58,488
561,sigilyph,ordinary,generation-v,nothing,psychic,flying,72,58,80,103,80,97,490
562,yamask,ordinary,generation-v,nothing,ghost,ghost,38,30,85,55,65,30,303
563,cofagrigus,ordinary,generation-v,yamask,ghost,ghost,58,50,145,95,105,30,483
564,tirtouga,ordinary,generation-v,nothing,water,rock,54,78,103,53,45,22,355
565,carracosta,ordinary,generation-v,tirtouga,water,rock,74,108,133,83,65,32,495
566,archen,ordinary,generation-v,nothing,rock,flying,55,112,45,74,45,70,401
567,archeops,ordinary,generation-v,archen,rock,flying,75,140,65,112,65,110,567
568,trubbish,ordinary,generation-v,nothing,poison,poison,50,50,62,40,62,65,329
569,garbodor,ordinary,generation-v,trubbish,poison,poison,80,95,82,60,82,75,474
570,zorua,ordinary,generation-v,nothing,dark,dark,40,65,40,80,40,65,330
571,zoroark,ordinary,generation-v,zorua,dark,dark,60,105,60,120,60,105,510
572,minccino,ordinary,generation-v,nothing,normal,normal,55,50,40,40,40,75,300
573,cinccino,ordinary,generation-v,minccino,normal,normal,75,95,60,65,60,115,470
574,gothita,ordinary,generation-v,nothing,psychic,psychic,45,30,50,55,65,45,290
575,gothorita,ordinary,generation-v,gothita,psychic,psychic,60,45,70,75,85,55,390
576,gothitelle,ordinary,generation-v,gothorita,psychic,psychic,70,55,95,95,110,65,490
577,solosis,ordinary,generation-v,nothing,psychic,psychic,45,30,40,105,50,20,290
578,duosion,ordinary,generation-v,solosis,psychic,psychic,65,40,50,125,60,30,370
579,reuniclus,ordinary,generation-v,duosion,psychic,psychic,110,65,75,125,85,30,490
580,ducklett,ordinary,generation-v,nothing,water,flying,62,44,50,44,50,55,305
581,swanna,ordinary,generation-v,ducklett,water,flying,75,87,63,87,63,98,473
582,vanillite,ordinary,generation-v,nothing,ice,ice,36,50,50,65,60,44,305
583,vanillish,ordinary,generation-v,vanillite,ice,ice,51,65,65,80,75,59,395
584,vanilluxe,ordinary,generation-v,vanillish,ice,ice,71,95,85,110,95,79,535
585,deerling,ordinary,generation-v,nothing,normal,grass,60,60,50,40,50,75,335
586,sawsbuck,ordinary,generation-v,deerling,normal,grass,80,100,70,60,70,95,475
587,emolga,ordinary,generation-v,nothing,electric,flying,55,75,60,75,60,103,428
588,karrablast,ordinary,generation-v,nothing,bug,bug,50,75,45,40,45,60,315
589,escavalier,ordinary,generation-v,karrablast,bug,steel,70,135,105,60,105,20,495
590,foongus,ordinary,generation-v,nothing,grass,poison,69,55,45,55,55,15,294
591,amoonguss,ordinary,generation-v,foongus,grass,poison,114,85,70,85,80,30,464
592,frillish,ordinary,generation-v,nothing,water,ghost,55,40,50,65,85,40,335
593,jellicent,ordinary,generation-v,frillish,water,ghost,100,60,70,85,105,60,480
594,alomomola,ordinary,generation-v,nothing,water,water,165,75,80,40,45,65,470
595,joltik,ordinary,generation-v,nothing,bug,electric,50,47,50,57,50,65,319
596,galvantula,ordinary,generation-v,joltik,bug,electric,70,77,60,97,60,108,472
597,ferroseed,ordinary,generation-v,nothing,grass,steel,44,50,91,24,86,10,305
598,ferrothorn,ordinary,generation-v,ferroseed,grass,steel,74,94,131,54,116,20,489
599,klink,ordinary,generation-v,nothing,steel,steel,40,55,70,45,60,30,300
600,klang,ordinary,generation-v,klink,steel,steel,60,80,95,70,85,50,440
601,klinklang,ordinary,generation-v,klang,steel,steel,60,100,115,70,85,90,520
602,tynamo,ordinary,generation-v,nothing,electric,electric,35,55,40,45,40,60,275
603,eelektrik,ordinary,generation-v,tynamo,electric,electric,65,85,70,75,70,40,405
604,eelektross,ordinary,generation-v,eelektrik,electric,electric,85,115,80,105,80,50,515
605,elgyem,ordinary,generation-v,nothing,psychic,psychic,55,55,55,85,55,30,335
606,beheeyem,ordinary,generation-v,elgyem,psychic,psychic,75,75,75,125,95,40,485
607,litwick,ordinary,generation-v,nothing,ghost,fire,50,30,55,65,55,20,275
608,lampent,ordinary,generation-v,litwick,ghost,fire,60,40,60,95,60,55,370
609,chandelure,ordinary,generation-v,lampent,ghost,fire,60,55,90,145,90,80,520
610,axew,ordinary,generation-v,nothing,dragon,dragon,46,87,60,30,40,57,320
611,fraxure,ordinary,generation-v,axew,dragon,dragon,66,117,70,40,50,67,410
612,haxorus,ordinary,generation-v,fraxure,dragon,dragon,76,147,90,60,70,97,540
613,cubchoo,ordinary,generation-v,nothing,ice,ice,55,70,40,60,40,40,305
614,beartic,ordinary,generation-v,cubchoo,ice,ice,95,130,80,70,80,50,505
615,cryogonal,ordinary,generation-v,nothing,ice,ice,80,50,50,95,135,105,515
616,shelmet,ordinary,generation-v,nothing,bug,bug,50,40,85,40,65,25,305
617,accelgor,ordinary,generation-v,shelmet,bug,bug,80,70,40,100,60,145,495
618,stunfisk,ordinary,generation-v,nothing,ground,electric,109,66,84,81,99,32,471
619,mienfoo,ordinary,generation-v,nothing,fighting,fighting,45,85,50,55,50,65,350
620,mienshao,ordinary,generation-v,mienfoo,fighting,fighting,65,125,60,95,60,105,510
621,druddigon,ordinary,generation-v,nothing,dragon,dragon,77,120,90,60,90,48,485
622,golett,ordinary,generation-v,nothing,ground,ghost,59,74,50,35,50,35,303
623,golurk,ordinary,generation-v,golett,ground,ghost,89,124,80,55,80,55,483
624,pawniard,ordinary,generation-v,nothing,dark,steel,45,85,70,40,40,60,340
625,bisharp,ordinary,generation-v,pawniard,dark,steel,65,125,100,60,70,70,490
626,bouffalant,ordinary,generation-v,nothing,normal,normal,95,110,95,40,95,55,490
627,rufflet,ordinary,generation-v,nothing,normal,flying,70,83,50,37,50,60,350
628,braviary,ordinary,generation-v,rufflet,normal,flying,100,123,75,57,75,80,510
629,vullaby,ordinary,generation-v,nothing,dark,flying,70,55,75,45,65,60,370
630,mandibuzz,ordinary,generation-v,vullaby,dark,flying,110,65,105,55,95,80,510
631,heatmor,ordinary,generation-v,nothing,fire,fire,85,97,66,105,66,65,484
632,durant,ordinary,generation-v,nothing,bug,steel,58,109,112,48,48,109,484
633,deino,ordinary,generation-v,nothing,dark,dragon,52,65,50,45,50,38,300
634,zweilous,ordinary,generation-v,deino,dark,dragon,72,85,70,65,70,58,420
635,hydreigon,ordinary,generation-v,zweilous,dark,dragon,92,105,90,125,90,98,600
636,larvesta,ordinary,generation-v,nothing,bug,fire,55,85,55,50,55,60,360
637,volcarona,ordinary,generation-v,larvesta,bug,fire,85,60,65,135,105,100,550
638,cobalion,legendary,generation-v,nothing,steel,fighting,91,90,129,90,72,108,580
639,terrakion,legendary,generation-v,nothing,rock,fighting,91,129,90,72,90,108,580
640,virizion,legendary,generation-v,nothing,grass,fighting,91,90,72,90,129,108,580
641,tornadus,legendary,generation-v,nothing,flying,flying,79,115,70,125,80,111,580
642,thundurus,legendary,generation-v,nothing,electric,flying,79,115,70,125,80,111,580
643,reshiram,legendary,generation-v,nothing,dragon,fire,100,120,100,150,120,90,680
644,zekrom,legendary,generation-v,nothing,dragon,electric,100,150,120,120,100,90,680
645,landorus,legendary,generation-v,nothing,ground,flying,89,125,90,115,80,101,600
646,kyurem,legendary,generation-v,nothing,dragon,ice,125,130,90,130,90,95,660
647,keldeo,mythical,generation-v,nothing,water,fighting,91,72,90,129,90,108,580
648,meloetta,mythical,generation-v,nothing,normal,psychic,100,77,77,128,128,90,600
649,genesect,mythical,generation-v,nothing,bug,steel,71,120,95,120,95,99,600
650,chespin,ordinary,generation-vi,nothing,grass,grass,56,61,65,48,45,38,313
651,quilladin,ordinary,generation-vi,chespin,grass,grass,61,78,95,56,58,57,405
652,chesnaught,ordinary,generation-vi,quilladin,grass,fighting,88,107,122,74,75,64,530
653,fennekin,ordinary,generation-vi,nothing,fire,fire,40,45,40,62,60,60,307
654,braixen,ordinary,generation-vi,fennekin,fire,fire,59,59,58,90,70,73,409
655,delphox,ordinary,generation-vi,braixen,fire,psychic,75,69,72,114,100,104,534
656,froakie,ordinary,generation-vi,nothing,water,water,41,56,40,62,44,71,314
657,frogadier,ordinary,generation-vi,froakie,water,water,54,63,52,83,56,97,405
658,greninja,ordinary,generation-vi,frogadier,water,dark,72,95,67,103,71,122,530
659,bunnelby,ordinary,generation-vi,nothing,normal,normal,38,36,38,32,36,57,237
660,diggersby,ordinary,generation-vi,bunnelby,normal,ground,85,56,77,50,77,78,423
661,fletchling,ordinary,generation-vi,nothing,normal,flying,45,50,43,40,38,62,278
662,fletchinder,ordinary,generation-vi,fletchling,fire,flying,62,73,55,56,52,84,382
663,talonflame,ordinary,generation-vi,fletchinder,fire,flying,78,81,71,74,69,126,499
664,scatterbug,ordinary,generation-vi,nothing,bug,bug,38,35,40,27,25,35,200
665,spewpa,ordinary,generation-vi,scatterbug,bug,bug,45,22,60,27,30,29,213
666,vivillon,ordinary,generation-vi,spewpa,bug,flying,80,52,50,90,50,89,411
667,litleo,ordinary,generation-vi,nothing,fire,normal,62,50,58,73,54,72,369
668,pyroar,ordinary,generation-vi,litleo,fire,normal,86,68,72,109,66,106,507
669,flabebe,ordinary,generation-vi,nothing,fairy,fairy,44,38,39,61,79,42,303
670,floette,ordinary,generation-vi,flabebe,fairy,fairy,54,45,47,75,98,52,371
671,florges,ordinary,generation-vi,floette,fairy,fairy,78,65,68,112,154,75,552
672,skiddo,ordinary,generation-vi,nothing,grass,grass,66,65,48,62,57,52,350
673,gogoat,ordinary,generation-vi,skiddo,grass,grass,123,100,62,97,81,68,531
674,pancham,ordinary,generation-vi,nothing,fighting,fighting,67,82,62,46,48,43,348
675,pangoro,ordinary,generation-vi,pancham,fighting,dark,95,124,78,69,71,58,495
676,furfrou,ordinary,generation-vi,nothing,normal,normal,75,80,60,65,90,102,472
677,espurr,ordinary,generation-vi,nothing,psychic,psychic,62,48,54,63,60,68,355
678,meowstic,ordinary,generation-vi,espurr,psychic,psychic,74,48,76,83,81,104,466
679,honedge,ordinary,generation-vi,nothing,steel,ghost,45,80,100,35,37,28,325
680,doublade,ordinary,generation-vi,honedge,steel,ghost,59,110,150,45,49,35,448
681,aegislash,ordinary,generation-vi,doublade,steel,ghost,60,50,140,50,140,60,500
682,spritzee,ordinary,generation-vi,nothing,fairy,fairy,78,52,60,63,65,23,341
683,aromatisse,ordinary,generation-vi,spritzee,fairy,fairy,101,72,72,99,89,29,462
684,swirlix,ordinary,generation-vi,nothing,fairy,fairy,62,48,66,59,57,49,341
685,slurpuff,ordinary,generation-vi,swirlix,fairy,fairy,82,80,86,85,75,72,480
686,inkay,ordinary,generation-vi,nothing,dark,psychic,53,54,53,37,46,45,288
687,malamar,ordinary,generation-vi,inkay,dark,psychic,86,92,88,68,75,73,482
688,binacle,ordinary,generation-vi,nothing,rock,water,42,52,67,39,56,50,306
689,barbaracle,ordinary,generation-vi,binacle,rock,water,72,105,115,54,86,68,500
690,skrelp,ordinary,generation-vi,nothing,poison,water,50,60,60,60,60,30,320
691,dragalge,ordinary,generation-vi,skrelp,poison,dragon,65,75,90,97,123,44,494
692,clauncher,ordinary,generation-vi,nothing,water,water,50,53,62,58,63,44,330
693,clawitzer,ordinary,generation-vi,clauncher,water,water,71,73,88,120,89,59,500
694,helioptile,ordinary,generation-vi,nothing,electric,normal,44,38,33,61,43,70,289
695,heliolisk,ordinary,generation-vi,helioptile,electric,normal,62,55,52,109,94,109,481
696,tyrunt,ordinary,generation-vi,nothing,rock,dragon,58,89,77,45,45,48,362
697,tyrantrum,ordinary,generation-vi,tyrunt,rock,dragon,82,121,119,69,59,71,521
698,amaura,ordinary,generation-vi,nothing,rock,ice,77,59,50,67,63,46,362
699,aurorus,ordinary,generation-vi,amaura,rock,ice,123,77,72,99,92,58,521
700,sylveon,ordinary,generation-vi,eevee,fairy,fairy,95,65,65,110,130,60,525
701,hawlucha,ordinary,generation-vi,nothing,fighting,flying,78,92,75,74,63,118,500
702,dedenne,ordinary,generation-vi,nothing,electric,fairy,67,58,57,81,67,101,431
703,carbink,ordinary,generation-vi,nothing,rock,fairy,50,50,150,50,150,50,500
704,goomy,ordinary,generation-vi,nothing,dragon,dragon,45,50,35,55,75,40,300
705,sliggoo,ordinary,generation-vi,goomy,dragon,dragon,68,75,53,83,113,60,452
706,goodra,ordinary,generation-vi,sliggoo,dragon,dragon,90,100,70,110,150,80,600
707,klefki,ordinary,generation-vi,nothing,steel,fairy,57,80,91,80,87,75,470
708,phantump,ordinary,generation-vi,nothing,ghost,grass,43,70,48,50,60,38,309
709,trevenant,ordinary,generation-vi,phantump,ghost,grass,85,110,76,65,82,56,474
710,pumpkaboo,ordinary,generation-vi,nothing,ghost,grass,49,66,70,44,55,51,335
711,gourgeist,ordinary,generation-vi,pumpkaboo,ghost,grass,65,90,122,58,75,84,494
712,bergmite,ordinary,generation-vi,nothing,ice,ice,55,69,85,32,35,28,304
713,avalugg,ordinary,generation-vi,bergmite,ice,ice,95,117,184,44,46,28,514
714,noibat,ordinary,generation-vi,nothing,flying,dragon,40,30,35,45,40,55,245
715,noivern,ordinary,generation-vi,noibat,flying,dragon,85,70,80,97,80,123,535
716,xerneas,legendary,generation-vi,nothing,fairy,fairy,126,131,95,131,98,99,680
717,yveltal,legendary,generation-vi,nothing,dark,flying,126,131,95,131,98,99,680
718,zygarde,legendary,generation-vi,nothing,dragon,ground,108,100,121,81,95,95,600
719,diancie,mythical,generation-vi,nothing,rock,fairy,50,100,150,100,150,50,600
720,hoopa,mythical,generation-vi,nothing,psychic,ghost,80,110,60,150,130,70,600
721,volcanion,mythical,generation-vi,nothing,fire,water,80,110,120,130,90,70,600
722,rowlet,ordinary,generation-vii,nothing,grass,flying,68,55,55,50,50,42,320
723,dartrix,ordinary,generation-vii,rowlet,grass,flying,78,75,75,70,70,52,420
724,decidueye,ordinary,generation-vii,dartrix,grass,ghost,78,107,75,100,100,70,530
725,litten,ordinary,generation-vii,nothing,fire,fire,45,65,40,60,40,70,320
726,torracat,ordinary,generation-vii,litten,fire,fire,65,85,50,80,50,90,420
727,incineroar,ordinary,generation-vii,torracat,fire,dark,95,115,90,80,90,60,530
728,popplio,ordinary,generation-vii,nothing,water,water,50,54,54,66,56,40,320
729,brionne,ordinary,generation-vii,popplio,water,water,60,69,69,91,81,50,420
730,primarina,ordinary,generation-vii,brionne,water,fairy,80,74,74,126,116,60,530
731,pikipek,ordinary,generation-vii,nothing,normal,flying,35,75,30,30,30,65,265
732,trumbeak,ordinary,generation-vii,pikipek,normal,flying,55,85,50,40,50,75,355
733,toucannon,ordinary,generation-vii,trumbeak,normal,flying,80,120,75,75,75,60,485
734,yungoos,ordinary,generation-vii,nothing,normal,normal,48,70,30,30,30,45,253
735,gumshoos,ordinary,generation-vii,yungoos,normal,normal,88,110,60,55,60,45,418
736,grubbin,ordinary,generation-vii,nothing,bug,bug,47,62,45,55,45,46,300
737,charjabug,ordinary,generation-vii,grubbin,bug,electric,57,82,95,55,75,36,400
738,vikavolt,ordinary,generation-vii,charjabug,bug,electric,77,70,90,145,75,43,500
739,crabrawler,ordinary,generation-vii,nothing,fighting,fighting,47,82,57,42,47,63,338
740,crabominable,ordinary,generation-vii,crabrawler,fighting,ice,97,132,77,62,67,43,478
741,oricorio,ordinary,generation-vii,nothing,fire,flying,75,70,70,98,70,93,476
742,cutiefly,ordinary,generation-vii,nothing,bug,fairy,40,45,40,55,40,84,304
743,ribombee,ordinary,generation-vii,cutiefly,bug,fairy,60,55,60,95,70,124,464
744,rockruff,ordinary,generation-vii,nothing,rock,rock,45,65,40,30,40,60,280
745,lycanroc,ordinary,generation-vii,rockruff,rock,rock,75,115,65,55,65,112,487
746,wishiwashi,ordinary,generation-vii,nothing,water,water,45,20,20,25,25,40,175
747,mareanie,ordinary,generation-vii,nothing,poison,water,50,53,62,43,52,45,305
748,toxapex,ordinary,generation-vii,mareanie,poison,water,50,63,152,53,142,35,495
749,mudbray,ordinary,generation-vii,nothing,ground,ground,70,100,70,45,55,45,385
750,mudsdale,ordinary,generation-vii,mudbray,ground,ground,100,125,100,55,85,35,500
751,dewpider,ordinary,generation-vii,nothing,water,bug,38,40,52,40,72,27,269
752,araquanid,ordinary,generation-vii,dewpider,water,bug,68,70,92,50,132,42,454
753,fomantis,ordinary,generation-vii,nothing,grass,grass,40,55,35,50,35,35,250
754,lurantis,ordinary,generation-vii,fomantis,grass,grass,70,105,90,80,90,45,480
755,morelull,ordinary,generation-vii,nothing,grass,fairy,40,35,55,65,75,15,285
756,shiinotic,ordinary,generation-vii,morelull,grass,fairy,60,45,80,90,100,30,405
757,salandit,ordinary,generation-vii,nothing,poison,fire,48,44,40,71,40,77,320
758,salazzle,ordinary,generation-vii,salandit,poison,fire,68,64,60,111,60,117,480
759,stufful,ordinary,generation-vii,nothing,normal,fighting,70,75,50,45,50,50,340
760,bewear,ordinary,generation-vii,stufful,normal,fighting,120,125,80,55,60,60,500
761,bounsweet,ordinary,generation-vii,nothing,grass,grass,42,30,38,30,38,32,210
762,steenee,ordinary,generation-vii,bounsweet,grass,grass,52,40,48,40,48,62,290
763,tsareena,ordinary,generation-vii,steenee,grass,grass,72,120,98,50,98,72,510
764,comfey,ordinary,generation-vii,nothing,fairy,fairy,51,52,90,82,110,100,485
765,oranguru,ordinary,generation-vii,nothing,normal,psychic,90,60,80,90,110,60,490
766,passimian,ordinary,generation-vii,nothing,fighting,fighting,100,120,90,40,60,80,490
767,wimpod,ordinary,generation-vii,nothing,bug,water,25,35,40,20,30,80,230
768,golisopod,ordinary,generation-vii,wimpod,bug,water,75,125,140,60,90,40,530
769,sandygast,ordinary,generation-vii,nothing,ghost,ground,55,55,80,70,45,15,320
770,palossand,ordinary,generation-vii,sandygast,ghost,ground,85,75,110,100,75,35,480
771,pyukumuku,ordinary,generation-vii,nothing,water,water,55,60,130,30,130,5,410
772,type-null,ordinary,generation-vii,nothing,normal,normal,95,95,95,95,95,59,534
773,silvally,legendary,generation-vii,type-null,normal,normal,95,95,95,95,95,95,570
774,minior,ordinary,generation-vii,nothing,rock,flying,60,60,100,60,100,60,440
775,komala,ordinary,generation-vii,nothing,normal,normal,65,115,65,75,95,65,480
776,turtonator,ordinary,generation-vii,nothing,fire,dragon,60,78,135,91,85,36,485
777,togedemaru,ordinary,generation-vii,nothing,electric,steel,65,98,63,40,73,96,435
778,mimikyu,ordinary,generation-vii,nothing,ghost,fairy,55,90,80,50,105,96,476
779,bruxish,ordinary,generation-vii,nothing,water,psychic,68,105,70,70,70,92,475
780,drampa,ordinary,generation-vii,nothing,normal,dragon,78,60,85,135,91,36,485
781,dhelmise,ordinary,generation-vii,nothing,ghost,grass,70,131,100,86,90,40,517
782,jangmo-o,ordinary,generation-vii,nothing,dragon,dragon,45,55,65,45,45,45,300
783,hakamo-o,ordinary,generation-vii,jangmo-o,dragon,fighting,55,75,90,65,70,65,420
784,kommo-o,ordinary,generation-vii,hakamo-o,dragon,fighting,75,110,125,100,105,85,600
785,tapu-koko,legendary,generation-vii,nothing,electric,fairy,70,115,85,95,75,130,570
786,tapu-lele,legendary,generation-vii,nothing,psychic,fairy,70,85,75,130,115,95,570
787,tapu-bulu,legendary,generation-vii,nothing,grass,fairy,70,130,115,85,95,75,570
788,tapu-fini,legendary,generation-vii,nothing,water,fairy,70,75,115,95,130,85,570
789,cosmog,legendary,generation-vii,nothing,psychic,psychic,43,29,31,29,31,37,200
790,cosmoem,legendary,generation-vii,cosmog,psychic,psychic,43,29,131,29,131,37,400
791,solgaleo,legendary,generation-vii,cosmoem,psychic,steel,137,137,107,113,89,97,680
792,lunala,legendary,generation-vii,cosmoem,psychic,ghost,137,113,89,137,107,97,680
793,nihilego,ordinary,generation-vii,nothing,rock,poison,109,53,47,127,131,103,570
794,buzzwole,ordinary,generation-vii,nothing,bug,fighting,107,139,139,53,53,79,570
795,pheromosa,ordinary,generation-vii,nothing,bug,fighting,71,137,37,137,37,151,570
796,xurkitree,ordinary,generation-vii,nothing,electric,electric,83,89,71,173,71,83,570
797,celesteela,ordinary,generation-vii,nothing,steel,flying,97,101,103,107,101,61,570
798,kartana,ordinary,generation-vii,nothing,grass,steel,59,181,131,59,31,109,570
799,guzzlord,ordinary,generation-vii,nothing,dark,dragon,223,101,53,97,53,43,570
800,necrozma,legendary,generation-vii,nothing,psychic,psychic,97,107,101,127,89,79,600
801,magearna,mythical,generation-vii,nothing,steel,fairy,80,95,115,130,115,65,600
802,marshadow,mythical,generation-vii,nothing,fighting,ghost,90,125,80,90,90,125,600
803,poipole,ordinary,generation-vii,nothing,poison,poison,67,73,67,73,67,73,420
804,naganadel,ordinary,generation-vii,poipole,poison,dragon,73,73,73,127,73,121,540
805,stakataka,ordinary,generation-vii,nothing,rock,steel,61,131,211,53,101,13,570
806,blacephalon,ordinary,generation-vii,nothing,fire,ghost,53,127,53,151,79,107,570
807,zeraora,mythical,generation-vii,nothing,electric,electric,88,112,75,102,80,143,600
808,meltan,mythical,generation-vii,nothing,steel,steel,46,65,65,55,35,34,300
809,melmetal,mythical,generation-vii,meltan,steel,steel,135,143,143,80,65,34,600
810,grookey,ordinary,generation-viii,nothing,grass,grass,50,65,50,40,40,65,310
811,thwackey,ordinary,generation-viii,grookey,grass,grass,70,85,70,55,60,80,420
812,rillaboom,ordinary,generation-viii,thwackey,grass,grass,100,125,90,60,70,85,530
813,scorbunny,ordinary,generation-viii,nothing,fire,fire,50,71,40,40,40,69,310
814,raboot,ordinary,generation-viii,scorbunny,fire,fire,65,86,60,55,60,94,420
815,cinderace,ordinary,generation-viii,raboot,fire,fire,80,116,75,65,75,119,530
816,sobble,ordinary,generation-viii,nothing,water,water,50,40,40,70,40,70,310
817,drizzile,ordinary,generation-viii,sobble,water,water,65,60,55,95,55,90,420
818,inteleon,ordinary,generation-viii,drizzile,water,water,70,85,65,125,65,120,530
819,skwovet,ordinary,generation-viii,nothing,normal,normal,70,55,55,35,35,25,275
820,greedent,ordinary,generation-viii,skwovet,normal,normal,120,95,95,55,75,20,460
821,rookidee,ordinary,generation-viii,nothing,flying,flying,38,47,35,33,35,57,245
822,corvisquire,ordinary,generation-viii,rookidee,flying,flying,68,67,55,43,55,77,365
823,corviknight,ordinary,generation-viii,corvisquire,flying,steel,98,87,105,53,85,67,495
824,blipbug,ordinary,generation-viii,nothing,bug,bug,25,20,20,25,45,45,180
825,dottler,ordinary,generation-viii,blipbug,bug,psychic,50,35,80,50,90,30,335
826,orbeetle,ordinary,generation-viii,dottler,bug,psychic,60,45,110,80,120,90,505
827,nickit,ordinary,generation-viii,nothing,dark,dark,40,28,28,47,52,50,245
828,thievul,ordinary,generation-viii,nickit,dark,dark,70,58,58,87,92,90,455
829,gossifleur,ordinary,generation-viii,nothing,grass,grass,40,40,60,40,60,10,250
830,eldegoss,ordinary,generation-viii,gossifleur,grass,grass,60,50,90,80,120,60,460
831,wooloo,ordinary,generation-viii,nothing,normal,normal,42,40,55,40,45,48,270
832,dubwool,ordinary,generation-viii,wooloo,normal,normal,72,80,100,60,90,88,490
833,chewtle,ordinary,generation-viii,nothing,water,water,50,64,50,38,38,44,284
834,drednaw,ordinary,generation-viii,chewtle,water,rock,90,115,90,48,68,74,485
835,yamper,ordinary,generation-viii,nothing,electric,electric,59,45,50,40,50,26,270
836,boltund,ordinary,generation-viii,yamper,electric,electric,69,90,60,90,60,121,490
837,rolycoly,ordinary,generation-viii,nothing,rock,rock,30,40,50,40,50,30,240
838,carkol,ordinary,generation-viii,rolycoly,rock,fire,80,60,90,60,70,50,410
839,coalossal,ordinary,generation-viii,carkol,rock,fire,110,80,120,80,90,30,510
840,applin,ordinary,generation-viii,nothing,grass,dragon,40,40,80,40,40,20,260
841,flapple,ordinary,generation-viii,applin,grass,dragon,70,110,80,95,60,70,485
842,appletun,ordinary,generation-viii,applin,grass,dragon,110,85,80,100,80,30,485
843,silicobra,ordinary,generation-viii,nothing,ground,ground,52,57,75,35,50,46,315
844,sandaconda,ordinary,generation-viii,silicobra,ground,ground,72,107,125,65,70,71,510
845,cramorant,ordinary,generation-viii,nothing,flying,water,70,85,55,85,95,85,475
846,arrokuda,ordinary,generation-viii,nothing,water,water,41,63,40,40,30,66,280
847,barraskewda,ordinary,generation-viii,arrokuda,water,water,61,123,60,60,50,136,490
848,toxel,baby,generation-viii,nothing,electric,poison,40,38,35,54,35,40,242
849,toxtricity,ordinary,generation-viii,toxel,electric,poison,75,98,70,114,70,75,502
850,sizzlipede,ordinary,generation-viii,nothing,fire,bug,50,65,45,50,50,45,305
851,centiskorch,ordinary,generation-viii,sizzlipede,fire,bug,100,115,65,90,90,65,525
852,clobbopus,ordinary,generation-viii,nothing,fighting,fighting,50,68,60,50,50,32,310
853,grapploct,ordinary,generation-viii,clobbopus,fighting,fighting,80,118,90,70,80,42,480
854,sinistea,ordinary,generation-viii,nothing,ghost,ghost,40,45,45,74,54,50,308
855,polteageist,ordinary,generation-viii,sinistea,ghost,ghost,60,65,65,134,114,70,508
856,hatenna,ordinary,generation-viii,nothing,psychic,psychic,42,30,45,56,53,39,265
857,hattrem,ordinary,generation-viii,hatenna,psychic,psychic,57,40,65,86,73,49,370
858,hatterene,ordinary,generation-viii,hattrem,psychic,fairy,57,90,95,136,103,29,510
859,impidimp,ordinary,generation-viii,nothing,dark,fairy,45,45,30,55,40,50,265
860,morgrem,ordinary,generation-viii,impidimp,dark,fairy,65,60,45,75,55,70,370
861,grimmsnarl,ordinary,generation-viii,morgrem,dark,fairy,95,120,65,95,75,60,510
862,obstagoon,ordinary,generation-viii,linoone,dark,normal,93,90,101,60,81,95,520
863,perrserker,ordinary,generation-viii,meowth,steel,steel,70,110,100,50,60,50,440
864,cursola,ordinary,generation-viii,corsola,ghost,ghost,60,95,50,145,130,30,510
865,sirfetchd,ordinary,generation-viii,farfetchd,fighting,fighting,62,135,95,68,82,65,507
866,mr-rime,ordinary,generation-viii,mr-mime,ice,psychic,80,85,75,110,100,70,520
867,runerigus,ordinary,generation-viii,yamask,ground,ghost,58,95,145,50,105,30,483
868,milcery,ordinary,generation-viii,nothing,fairy,fairy,45,40,40,50,61,34,270
869,alcremie,ordinary,generation-viii,milcery,fairy,fairy,65,60,75,110,121,64,495
870,falinks,ordinary,generation-viii,nothing,fighting,fighting,65,100,100,70,60,75,470
871,pincurchin,ordinary,generation-viii,nothing,electric,electric,48,101,95,91,85,15,435
872,snom,ordinary,generation-viii,nothing,ice,bug,30,25,35,45,30,20,185
873,frosmoth,ordinary,generation-viii,snom,ice,bug,70,65,60,125,90,65,475
874,stonjourner,ordinary,generation-viii,nothing,rock,rock,100,125,135,20,20,70,470
875,eiscue,ordinary,generation-viii,nothing,ice,ice,75,80,110,65,90,50,470
876,indeedee,ordinary,generation-viii,nothing,psychic,normal,60,65,55,105,95,95,475
877,morpeko,ordinary,generation-viii,nothing,electric,dark,58,95,58,70,58,97,436
878,cufant,ordinary,generation-viii,nothing,steel,steel,72,80,49,40,49,40,330
879,copperajah,ordinary,generation-viii,cufant,steel,steel,122,130,69,80,69,30,500
880,dracozolt,ordinary,generation-viii,nothing,electric,dragon,90,100,90,80,70,75,505
881,arctozolt,ordinary,generation-viii,nothing,electric,ice,90,100,90,90,80,55,505
882,dracovish,ordinary,generation-viii,nothing,water,dragon,90,90,100,70,80,75,505
883,arctovish,ordinary,generation-viii,nothing,water,ice,90,90,100,80,90,55,505
884,duraludon,ordinary,generation-viii,nothing,steel,dragon,70,95,115,120,50,85,535
885,dreepy,ordinary,generation-viii,nothing,dragon,ghost,28,60,30,40,30,82,270
886,drakloak,ordinary,generation-viii,dreepy,dragon,ghost,68,80,50,60,50,102,410
887,dragapult,ordinary,generation-viii,drakloak,dragon,ghost,88,120,75,100,75,142,600
888,zacian,legendary,generation-viii,nothing,fairy,fairy,92,120,115,80,115,138,660
889,zamazenta,legendary,generation-viii,nothing,fighting,fighting,92,120,115,80,115,138,660
890,eternatus,legendary,generation-viii,nothing,poison,dragon,140,85,95,145,95,130,690
891,kubfu,legendary,generation-viii,nothing,fighting,fighting,60,90,60,53,50,72,385
892,urshifu,legendary,generation-viii,kubfu,fighting,dark,100,130,100,63,60,97,550
893,zarude,mythical,generation-viii,nothing,dark,grass,105,120,105,70,95,105,600
894,regieleki,legendary,generation-viii,nothing,electric,electric,80,100,50,100,50,200,580
895,regidrago,legendary,generation-viii,nothing,dragon,dragon,200,100,50,100,50,80,580
896,glastrier,legendary,generation-viii,nothing,ice,ice,100,145,130,65,110,30,580
897,spectrier,legendary,generation-viii,nothing,ghost,ghost,100,65,60,145,80,130,580
898,calyrex,legendary,generation-viii,nothing,psychic,grass,100,80,80,80,80,80,500
899,wyrdeer,ordinary,generation-viii,stantler,normal,psychic,103,105,72,105,75,65,525
900,kleavor,ordinary,generation-viii,scyther,bug,rock,70,135,95,45,70,85,500
901,ursaluna,ordinary,generation-viii,ursaring,ground,normal,130,140,105,45,80,50,550
902,basculegion,ordinary,generation-viii,basculin,water,ghost,120,112,65,80,75,78,530
903,sneasler,ordinary,generation-viii,sneasel,fighting,poison,80,130,60,40,80,120,510
904,overqwil,ordinary,generation-viii,qwilfish,dark,poison,85,115,95,65,65,85,510
905,enamorus,legendary,generation-viii,nothing,fairy,flying,74,115,70,135,80,106,580
906,sprigatito,ordinary,generation-ix,nothing,grass,grass,40,61,54,45,45,65,310
907,floragato,ordinary,generation-ix,sprigatito,grass,grass,61,80,63,60,63,83,410
908,meowscarada,ordinary,generation-ix,floragato,grass,dark,76,110,70,81,70,123,530
909,fuecoco,ordinary,generation-ix,nothing,fire,fire,67,45,59,63,40,36,310
910,crocalor,ordinary,generation-ix,fuecoco,fire,fire,81,55,78,90,58,49,411
911,skeledirge,ordinary,generation-ix,crocalor,fire,ghost,104,75,100,110,75,66,530
912,quaxly,ordinary,generation-ix,nothing,water,water,55,65,45,50,45,50,310
913,quaxwell,ordinary,generation-ix,quaxly,water,water,70,85,65,65,60,65,410
914,quaquaval,ordinary,generation-ix,quaxwell,water,fighting,85,120,80,85,75,85,530
915,lechonk,ordinary,generation-ix,nothing,normal,normal,54,45,40,35,45,35,254
916,oinkologne,ordinary,generation-ix,lechonk,normal,normal,110,100,75,59,80,65,489
917,tarountula,ordinary,generation-ix,nothing,bug,bug,35,41,45,29,40,20,210
918,spidops,ordinary,generation-ix,tarountula,bug,bug,60,79,92,52,86,35,404
919,nymble,ordinary,generation-ix,nothing,bug,bug,33,46,40,21,25,45,210
920,lokix,ordinary,generation-ix,nymble,bug,dark,71,102,78,52,55,92,450
921,pawmi,ordinary,generation-ix,nothing,electric,electric,45,50,20,40,25,60,240
922,pawmo,ordinary,generation-ix,pawmi,electric,fighting,60,75,40,50,40,85,350
923,pawmot,ordinary,generation-ix,pawmo,electric,fighting,70,115,70,70,60,105,490
924,tandemaus,ordinary,generation-ix,nothing,normal,normal,50,50,45,40,45,75,305
925,maushold,ordinary,generation-ix,tandemaus,normal,normal,74,75,70,65,75,111,470
926,fidough,ordinary,generation-ix,nothing,fairy,fairy,37,55,70,30,55,65,312
927,dachsbun,ordinary,generation-ix,fidough,fairy,fairy,57,80,115,50,80,95,477
928,smoliv,ordinary,generation-ix,nothing,grass,normal,41,35,45,58,51,30,260
929,dolliv,ordinary,generation-ix,smoliv,grass,normal,52,53,60,78,78,33,354
930,arboliva,ordinary,generation-ix,dolliv,grass,normal,78,69,90,125,109,39,510
931,squawkabilly,ordinary,generation-ix,nothing,normal,flying,82,96,51,45,51,92,417
932,nacli,ordinary,generation-ix,nothing,rock,rock,55,55,75,35,35,25,280
933,naclstack,ordinary,generation-ix,nacli,rock,rock,60,60,100,35,65,35,355
934,garganacl,ordinary,generation-ix,naclstack,rock,rock,100,100,130,45,90,35,500
935,charcadet,ordinary,generation-ix,nothing,fire,fire,40,50,40,50,40,35,255
936,armarouge,ordinary,generation-ix,charcadet,fire,psychic,85,60,100,125,80,75,525
937,ceruledge,ordinary,generation-ix,charcadet,fire,ghost,75,125,80,60,100,85,525
938,tadbulb,ordinary,generation-ix,nothing,electric,electric,61,31,41,59,35,45,272
939,bellibolt,ordinary,generation-ix,tadbulb,electric,electric,109,64,91,103,83,45,495
940,wattrel,ordinary,generation-ix,nothing,electric,flying,40,40,35,55,40,70,280
941,kilowattrel,ordinary,generation-ix,wattrel,electric,flying,70,70,60,105,60,125,490
942,maschiff,ordinary,generation-ix,nothing,dark,dark,60,78,60,40,51,51,340
943,mabosstiff,ordinary,generation-ix,maschiff,dark,dark,80,120,90,60,70,85,505
944,shroodle,ordinary,generation-ix,nothing,poison,normal,40,65,35,40,35,75,290
945,grafaiai,ordinary,generation-ix,shroodle,poison,normal,63,95,65,80,72,110,485
946,bramblin,ordinary,generation-ix,nothing,grass,ghost,40,65,30,45,35,60,275
947,brambleghast,ordinary,generation-ix,bramblin,grass,ghost,55,115,70,80,70,90,480
948,toedscool,ordinary,generation-ix,nothing,ground,grass,40,40,35,50,100,70,335
949,toedscruel,ordinary,generation-ix,toedscool,ground,grass,80,70,65,80,120,100,515
950,klawf,ordinary,generation-ix,nothing,rock,rock,70,100,115,35,55,75,450
951,capsakid,ordinary,generation-ix,nothing,grass,grass,50,62,40,62,40,50,304
952,scovillain,ordinary,generation-ix,capsakid,grass,fire,65,108,65,108,65,75,486
953,rellor,ordinary,generation-ix,nothing,bug,bug,41,50,60,31,58,30,270
954,rabsca,ordinary,generation-ix,rellor,bug,psychic,75,50,85,115,100,45,470
955,flittle,ordinary,generation-ix,nothing,psychic,psychic,30,35,30,55,30,75,255
956,espathra,ordinary,generation-ix,flittle,psychic,psychic,95,60,60,101,60,105,481
957,tinkatink,ordinary,generation-ix,nothing,fairy,steel,50,45,45,35,64,58,297
958,tinkatuff,ordinary,generation-ix,tinkatink,fairy,steel,65,55,55,45,82,78,380
959,tinkaton,ordinary,generation-ix,tinkatuff,fairy,steel,85,75,77,70,105,94,506
960,wiglett,ordinary,generation-ix,nothing,water,water,10,55,25,35,25,95,245
961,wugtrio,ordinary,generation-ix,wiglett,water,water,35,100,50,50,70,120,425
962,bombirdier,ordinary,generation-ix,nothing,flying,dark,70,103,85,60,85,82,485
963,finizen,ordinary,generation-ix,nothing,water,water,70,45,40,45,40,75,315
964,palafin,ordinary,generation-ix,finizen,water,water,100,70,72,53,62,100,457
965,varoom,ordinary,generation-ix,nothing,steel,poison,45,70,63,30,45,47,300
966,revavroom,ordinary,generation-ix,varoom,steel,poison,80,119,90,54,67,90,500
967,cyclizar,ordinary,generation-ix,nothing,dragon,normal,70,95,65,85,65,121,501
968,orthworm,ordinary,generation-ix,nothing,steel,steel,70,85,145,60,55,65,480
969,glimmet,ordinary,generation-ix,nothing,rock,poison,48,35,42,105,60,60,350
970,glimmora,ordinary,generation-ix,glimmet,rock,poison,83,55,90,130,81,86,525
971,greavard,ordinary,generation-ix,nothing,ghost,ghost,50,61,60,30,55,34,290
972,houndstone,ordinary,generation-ix,greavard,ghost,ghost,72,101,100,50,97,68,488
973,flamigo,ordinary,generation-ix,nothing,flying,fighting,82,115,74,75,64,90,500
974,cetoddle,ordinary,generation-ix,nothing,ice,ice,108,68,45,30,40,43,334
975,cetitan,ordinary,generation-ix,cetoddle,ice,ice,170,113,65,45,55,73,521
976,veluza,ordinary,generation-ix,nothing,water,psychic,90,102,73,78,65,70,478
977,dondozo,ordinary,generation-ix,nothing,water,water,150,100,115,65,65,35,530
978,tatsugiri,ordinary,generation-ix,nothing,dragon,water,68,50,60,120,95,82,475
979,annihilape,ordinary,generation-ix,primeape,fighting,ghost,110,115,80,50,90,90,535
980,clodsire,ordinary,generation-ix,wooper,poison,ground,130,75,60,45,100,20,430
981,farigiraf,ordinary,generation-ix,girafarig,normal,psychic,120,90,70,110,70,60,520
982,dudunsparce,ordinary,generation-ix,dunsparce,normal,normal,125,100,80,85,75,55,520
983,kingambit,ordinary,generation-ix,bisharp,dark,steel,100,135,120,60,85,50,550
984,great-tusk,ordinary,generation-ix,nothing,ground,fighting,115,131,131,53,53,87,570
985,scream-tail,ordinary,generation-ix,nothing,fairy,psychic,115,65,99,65,115,111,570
986,brute-bonnet,ordinary,generation-ix,nothing,grass,dark,111,127,99,79,99,55,570
987,flutter-mane,ordinary,generation-ix,nothing,ghost,fairy,55,55,55,135,135,135,570
988,slither-wing,ordinary,generation-ix,nothing,bug,fighting,85,135,79,85,105,81,570
989,sandy-shocks,ordinary,generation-ix,nothing,electric,ground,85,81,97,121,85,101,570
990,iron-treads,ordinary,generation-ix,nothing,ground,steel,90,112,120,72,70,106,570
991,iron-bundle,ordinary,generation-ix,nothing,ice,water,56,80,114,124,60,136,570
992,iron-hands,ordinary,generation-ix,nothing,fighting,electric,154,140,108,50,68,50,570
993,iron-jugulis,ordinary,generation-ix,nothing,dark,flying,94,80,86,122,80,108,570
994,iron-moth,ordinary,generation-ix,nothing,fire,poison,80,70,60,140,110,110,570
995,iron-thorns,ordinary,generation-ix,nothing,rock,electric,100,134,110,70,84,72,570
996,frigibax,ordinary,generation-ix,nothing,dragon,ice,65,75,45,35,45,55,320
997,arctibax,ordinary,generation-ix,frigibax,dragon,ice,90,95,66,45,65,62,423
998,baxcalibur,ordinary,generation-ix,arctibax,dragon,ice,115,145,92,75,86,87,600
999,gimmighoul,ordinary,generation-ix,nothing,ghost,ghost,45,30,70,75,70,10,300
1000,gholdengo,ordinary,generation-ix,gimmighoul,steel,ghost,87,60,95,133,91,84,550
1001,wo-chien,legendary,generation-ix,nothing,dark,grass,85,85,100,95,135,70,570
1002,chien-pao,legendary,generation-ix,nothing,dark,ice,80,120,80,90,65,135,570
1003,ting-lu,legendary,generation-ix,nothing,dark,ground,155,110,125,55,80,45,570
1004,chi-yu,legendary,generation-ix,nothing,dark,fire,55,80,80,135,120,100,570
1005,roaring-moon,ordinary,generation-ix,nothing,dragon,dark,105,139,71,55,101,119,590
1006,iron-valiant,ordinary,generation-ix,nothing,fairy,fighting,74,130,90,120,60,116,590
1007,koraidon,legendary,generation-ix,nothing,fighting,dragon,100,135,115,85,100,135,670
1008,miraidon,legendary,generation-ix,nothing,electric,dragon,100,85,100,135,115,135,670
1009,walking-wake,ordinary,generation-ix,nothing,water,dragon,99,83,91,125,83,109,590
1010,iron-leaves,ordinary,generation-ix,nothing,grass,psychic,90,130,88,70,108,104,590
1011,dipplin,ordinary,generation-ix,applin,grass,dragon,80,80,110,95,80,40,485
1012,poltchageist,ordinary,generation-ix,nothing,grass,ghost,40,45,45,74,54,50,308
1013,sinistcha,ordinary,generation-ix,poltchageist,grass,ghost,71,60,106,121,80,70,508
1014,okidogi,legendary,generation-ix,nothing,poison,fighting,88,128,115,58,86,80,555
1015,munkidori,legendary,generation-ix,nothing,poison,psychic,88,75,66,130,90,106,555
1016,fezandipiti,legendary,generation-ix,nothing,poison,fairy,88,91,82,70,125,99,555
1017,ogerpon,legendary,generation-ix,nothing,grass,grass,80,120,84,60,96,110,550
1018,archaludon,ordinary,generation-ix,duraludon,steel,dragon,90,105,130,125,65,85,600
1019,hydrapple,ordinary,generation-ix,dipplin,grass,dragon,106,80,110,120,80,44,540
1020,gouging-fire,ordinary,generation-ix,nothing,fire,dragon,105,115,121,65,93,91,590
1021,raging-bolt,ordinary,generation-ix,nothing,electric,dragon,125,73,91,137,89,75,590
1022,iron-boulder,ordinary,generation-ix,nothing,rock,psychic,90,120,80,68,108,124,590
1023,iron-crown,ordinary,generation-ix,nothing,steel,psychic,90,72,100,122,108,98,590
1024,terapagos,legendary,generation-ix,nothing,normal,normal,90,65,85,65,85,60,450
1025,pecharunt,mythical,generation-ix,nothing,poison,ghost,88,88,160,88,88,88,600
